0,1,2,3,4,5,6,7,8,9,10,11,12,13,14,15,16,17,18,19,,
Número,DATA,Placar,TIME_MANDANTE,PLACAR_MANDANTE,GOLS_MANDANTE,GOLS_PENALTI_MANDANTE,PLACAR2,TIME_VISITANTE,PLACAR_VISITANTE,GOLS_VISITANTE,GOLS_PENALTI_VISITANTE,RODADA,PUBLICO,CAMPEONATO_ID,CAMPEONATO_DESCRICAO,ESTADIO,SEM_TORCIDA,Gols,OBS,OBS2,
440,08/10/2023,Internacional 3 x 2 Grêmio,Internacional,3,3,, 3 x 2 ,Grêmio,2,2,,,,2023_BR,Brasileirão,Beira-Rio,,"Enner Valencia, Wanderson e Alan Patrick (I). João Pedro e Luis Suárez (G).",,,
439,21/05/2023,Grêmio 3 x 1 Internacional,Grêmio,3,3,, 3 x 1 ,Internacional,1,1,,,,2023_BR,Brasileirão,Arena,,"Luis Suárez, Villasanti e Bitello (G). Johnny (I).",,,
438,05/03/2023,Grêmio 2 x 1 Internacional,Grêmio,2,2,, 2 x 1 ,Internacional,1,1,,,,2023_RS,Gauchão,Arena,,Cristaldo e Carballo (G). Alan Patrick (I).,,,
437,23/03/2022,Grêmio 0 x 1 Internacional,Grêmio,0,0,, 0 x 1 ,Internacional,1,1,,,,2022_RS,Gauchão,Arena,,Taison (I).,,,
436,19/03/2022,Internacional 0 x 3 Grêmio,Internacional,0,0,, 0 x 3 ,Grêmio,3,3,,,,2022_RS,Gauchão,Beira-Rio,,"Elias, Bitello e Diego Souza (G).",,,
435,09/03/2022,Internacional 1 x 0 Grêmio,Internacional,1,1,, 1 x 0 ,Grêmio,0,0,,,,2022_RS,Gauchão,Beira-Rio,,David (I).,,,
434,06/11/2021,Internacional 1 x 0 Grêmio,Internacional,1,1,, 1 x 0 ,Grêmio,0,0,,,,2021_BR,Brasileirão,Beira-Rio,,Taison (I).,,,
433,10/07/2021,Grêmio 0x0 Internacional,Grêmio,0,0,, 0x0 ,Internacional,0,0,,11,0,2021_BR,Brasileirão,Arena,S,,,,
432,23/05/2021,Grêmio 1x1 Internacional,Grêmio,1,1,, 1x1 ,Internacional,1,1,,,,2021_RS,Gauchão,Arena,,Ferreira (G) e Rodrigo Dourado (I).,Decisão do título.,,
431,16/05/2021,Internacional 1x2 Grêmio,Internacional,1,1,, 1x2 ,Grêmio,2,2,,,,2021_RS,Gauchão,Beira-Rio,,Thiago Galhardo (I); Diego Souza e Ricardinho (G).,,,
430,03/04/2021,Grêmio 1x0 Internacional,Grêmio,1,1,, 1x0 ,Internacional,0,0,,,,2021_RS,Gauchão,Arena,,Léo Chú,,,
429,24/01/2021,Internacional 2x1 Grêmio,Internacional,2,2,, 2x1 ,Grêmio,1,1,,,,2021_BR,Brasileirão,Beira-Rio,,"Jean Pyerre (G), Abel Hernández (I) e Edenilson (I).",Primeiro Gre-Nal da década de 2020.,,
428,03/10/2020,Grêmio 1x1 Internacional,Grêmio,1,1,, 1x1 ,Internacional,1,1,,,0,2020_BR,Brasileirão,Arena,S,Pepê (G) e Thiago Galhardo (I).,,,
427,23/09/2020,Internacional 0x1 Grêmio,Internacional,0,0,, 0x1 ,Grêmio,1,1,,Grupos,0,2020_LA,Libertadores,Beira-Rio,S,Pepê,,4a rodada do grupo?,
426,05/08/2020,Grêmio 2x0 Internacional,Grêmio,2,2,, 2x0 ,Internacional,0,0,,,,2020_RS,Gauchão,Arena,,Maicon e Isaque.,Final do returno.,,
425,22/07/2020,Internacional 0x1 Grêmio,Internacional,0,0,, 0x1 ,Grêmio,1,1,,,,2020_RS,Gauchão,Centenário (Caxias do Sul),,Jean Pyerre,Clássico disputado sem público por conta da pandemia de Covid-19.,,
424,12/03/2020,Grêmio 0 x 0 Internacional,Grêmio,0,0,, 0 x 0 ,Internacional,0,0,,Grupos,53389,2020_LA,Libertadores,Arena,,,Primeiro Gre-Nal da história da Libertadores.,2a rodada do grupo,
423,15/02/2020,Internacional 0 x 1 Grêmio,Internacional,0,0,, 0 x 1 ,Grêmio,1,1,,,,2020_RS,Gauchão,Beira-Rio,,Diego Souza,Semifinal do primeiro turno.,,
422,03/11/2019,Grêmio 2 x 0 Internacional,Grêmio,2,2,, 2 x 0 ,Internacional,0,0,,,,2019_BR,Brasileiro,Arena,,Pedro Geromel e Rômulo.,,,
421,20/07/2019,Internacional 1 x 1 Grêmio,Internacional,1,1,, 1 x 1 ,Grêmio,1,1,,,38201,2019_BR,Brasileirão,Beira-Rio,,"Paulo Miranda (I, contra) e Luan (G).",,,
420,17/04/2019,Grêmio 0(3) x (2)0 Internacional,Grêmio,0(3),0,3, 0(3) x (2)0 ,Internacional,(2)0,0,2,,,2019_RS,Gauchão,Arena,,,,,
419,14/04/2019,Internacional 0 x 0 Grêmio,Internacional,0,0,, 0 x 0 ,Grêmio,0,0,,,,2019_RS,Gauchão,Beira-Rio,,,Primeiro jogo da final.,,
418,17/03/2019,Grêmio 1 x 0 Inter,Grêmio,1,1,, 1 x 0 ,Internacional,0,0,,,,2019_RS,Gauchão,Arena,,Leonardo Gomes.,,,
417,09/09/2018,Internacional 1 x 0 Grêmio,Internacional,1,1,, 1 x 0 ,Grêmio,0,0,,,,2018_BR,Brasileirão,Beira-Rio,,Edenilson.,,,
416,12/05/2018,Grêmio 0 x 0 Internacional,Grêmio,0,0,, 0 x 0 ,Internacional,0,0,,5,51870,2018_BR,Brasileirão,Arena,,,,,
415,21/03/2018,Internacional 2 x 0 Grêmio,Internacional,2,2,, 2 x 0 ,Grêmio,0,0,,,,2018_RS,Gauchão,Beira-Rio,,"Nico López, de pênalti, e Andrés D’Alessandro.",Resultado foi insuficiente para Inter avançar à semifinal do Gauchão.,,
414,18/03/2018,Grêmio 3 x 0 Internacional,Grêmio,3,3,, 3 x 0 ,Internacional,0,0,,,,2018_RS,Gauchão,Arena,,"Everton, Jael e Arthur.",,,
413,11/03/2018,Internacional 1 x 2 Grêmio,Internacional,1,1,, 1 x 2 ,Grêmio,2,2,,,,2018_RS,Gauchão,Beira-Rio,,"Luan (2, G) e Rodrigo Dourado (I).",,,
412,04/03/2017,Grêmio 2 x 2 Internacional,Grêmio,2,2,, 2 x 2 ,Internacional,2,2,,,,2017_RS,Gaúcho,Arena,,Roberson e Brenner (I); Miller Bolaños e Fernandinho (G).,,,
411,23/10/2016,Grêmio 0 x 0 Internacional,Grêmio,0,0,, 0 x 0 ,Internacional,0,0,,,,2016_BR,Brasileirão,Arena,,,,,
410,03/07/2016,Internacional 0 x 1 Grêmio,Internacional,0,0,, 0 x 1 ,Grêmio,1,1,,,,2016_BR,Campeonato Brasileiro,Beira-Rio,,Douglas,,,
409,06/03/2016,Grêmio 0 x 0 Internacional,Grêmio,0,0,, 0 x 0 ,Internacional,0,0,,,,2016_RS,Gauchão Ipiranga/Primeira Liga,Arena,,,Jogo foi válido por duas competições (Gauchão e Primeira Liga),,
408,22/11/2015,Internacional 1 x 0 Grêmio,Internacional,1,1,, 1 x 0 ,Grêmio,0,0,,,,2015_BR,Brasileirão,Beira-Rio,,Vitinho,,,
407,09/08/2015,Grêmio 5 x 0 Internacional,Grêmio,5,5,, 5 x 0 ,Internacional,0,0,,,,2015_BR,Campeonato Brasileiro,Arena,,"Giuliano, Luan (2), Fernandinho e Réver (contra).",,,
406,03/05/2015,Internacional 2 x 1 Grêmio,Internacional,2,2,, 2 x 1 ,Grêmio,1,1,,,,2015_RS,Gauchão,Beira-Rio,,Nilmar e Valdívia (I); Giuliano (G).,Inter foi pentacampeão gaúcho depois de 42 anos.,,
405,26/04/2015,Grêmio 0 x 0 Internacional,Grêmio,0,0,, 0 x 0 ,Internacional,0,0,,,,2015_RS,Gauchão,Arena,,,Primeiro jogo da final do Gauchão.,,
404,01/03/2015,Internacional 0 x 0 Grêmio,Internacional,0,0,, 0 x 0 ,Grêmio,0,0,,,,2015_RS,Gauchão,Beira-Rio,,,"Gre-Nal da Paz, marcado pelo setor de torcida mista no estádio.",,
403,09/11/2014,Grêmio 4 x 1 Internacional,Grêmio,4,4,, 4 x 1 ,Internacional,1,1,,,,2014_BR,Brasileirão,Arena,,"Luan, Ramiro e Alan Ruiz (G); Rafael Moura (I).",Inter tem interrompida invencibilidade de dois anos no clássico.,,
402,10/08/2014,Internacional 2 x 0 Grêmio,Internacional,2,2,, 2 x 0 ,Grêmio,0,0,,,,2014_BR,Brasileirão,Beira-Rio,,Charles Aránguiz e Cláudio Winck.,Primeiro clássico do novo Beira-Rio.,,
401,13/04/2014,Internacional 4 x 1 Grêmio,Internacional,4,4,, 4 x 1 ,Grêmio,1,1,,,,2014_RS,Gauchão,Centenário,,"Alex (2), Andrés D’Alessandro e Alan Patrick, de pênalti.",Inter conquistou o tetracampeonato gaúcho.,,
400,30/03/2014,Grêmio 1 x 2 Internacional,Grêmio,1,1,, 1 x 2 ,Internacional,2,2,,,,2014_RS,Gauchão,Arena,,"Hernán Barcos (G), Rafael Moura (I)(2).",,,
399,09/02/2014,Grêmio 1 x 1 Internacional,Grêmio,1,1,, 1 x 1 ,Internacional,1,1,,,,2014_RS,Gauchão,Arena,,"Fabrício (I) e Hernán Barcos (G), de pênalti.",,,
398,20/10/2013,Internacional 2 x 2 Grêmio,Internacional,2,2,, 2 x 2 ,Grêmio,2,2,,,15273,2013_BR,Brasileirão,Centenário,,"Willians e Andrés D’Alessandro, de pênalti (I); Jackson (contra) e Eduardo Vargas (G).",,,
397,04/08/2013,Grêmio 1 x 1 Internacional,Grêmio,1,1,, 1 x 1 ,Internacional,1,1,,,40054,2013_BR,Brasileirão,Arena,,"Leandro Damião (I); Hernán Barcos (G), de pênalti.",Primeiro Gre-Nal da história da Arena.,,
396,24/02/2013,Internacional 2 x 1 Grêmio,Internacional,2,2,, 2 x 1 ,Grêmio,1,1,,,,2013_RS,Gauchão,Centenário,,Diego Forlán e Rodrigo Moledo (I) e Willian José (G).,Vitória classificou o Inter à semifinal da Taça Piratini (1º turno do Gauchão).,,
395,03/02/2013,Internacional 2 x 1 Grêmio,Internacional,2,2,, 2 x 1 ,Grêmio,1,1,,,,2013_RS,Gauchão,Colosso da Lagoa,,Diego Forlán e Leandro Damião (I) e Fernando (G).,Estreia de Dunga como técnico em um Gre-Nal.,,
394,02/12/2012,Grêmio 0 x 0 Internacional,Grêmio,0,0,, 0 x 0 ,Internacional,0,0,,,46209,2012_BR,Brasileirão,Olímpico,,,Último jogo da história do Olímpico.,,
393,26/08/2012,Internacional 0 x 1 Grêmio,Internacional,0,0,, 0 x 1 ,Grêmio,1,1,,,,2012_BR,Brasileirão,Beira-Rio,,Elano,,,
392,29/04/2012,Internacional 2 x 1 Grêmio,Internacional,2,2,, 2 x 1 ,Grêmio,1,1,,,,2012_RS,Gauchão,Beira-Rio,,Jesús Dátolo e Fabrício (I); Werley (G).,Inter conquista título da Taça Farroupilha (2º turno).,,
391,22/02/2012,Internacional 1 x 2 Grêmio,Internacional,1,1,, 1 x 2 ,Grêmio,2,2,,,,2012_RS,Gauchão,Beira-Rio,,Léo Gago e Kléber (G) e Leandro Damião (I).,,,
390,05/02/2012,Grêmio 2 x 2 Internacional,Grêmio,2,2,, 2 x 2 ,Internacional,2,2,,,,2012_RS,Gauchão,Olímpico,,Jesús Dátolo e Bolívar (I); Marcelo Moreno e Marquinhos (G).,O Inter atuou com seu time reserva em função da disputa da Libertadores.,,
389,04/12/2011,Internacional 1 x 0 Grêmio,Internacional,1,1,, 1 x 0 ,Grêmio,0,0,,,,2011_BR,Brasileirão,Beira-Rio,,"Andrés D’Alessandro, de pênalti.",Vitória garantiu a classificação à Pré-Libertadores de 2012.,,
388,28/08/2011,Grêmio 2 x 1 Internacional,Grêmio,2,2,, 2 x 1 ,Internacional,1,1,,,,2011_BR,Brasileirão,Olímpico,,"Índio (I), Marquinhos e Douglas (G), de pênalti.",,,
387,15/05/2011,Grêmio 2(4) x (5)3 Internacional,Grêmio,2(4),2,4, 2(4) x (5)3 ,Internacional,(5)3,3,5,,,2011_RS,Gauchão,Olímpico,,"Leandro Damião, Andrezinho e Andrés D’Alessandro (I); Douglas e Borges (G).",Inter volta a erguer a taça estadual no Olímpico após 29 anos.,,
386,08/05/2011,Internacional 2 x 3 Grêmio,Internacional,2,2,, 2 x 3 ,Grêmio,3,3,,,,2011_RS,Gauchão,Beira-Rio,,"Andrezinho e Leando Damião (I); Júnior Viçosa, Leandro e Júnior Viçosa (G).",Primeiro jogo da final do Campeonato Gaúcho 2011,,
385,1º/05/2011,Internacional 1(4) x (2)1 Grêmio,Internacional,1(4),1,4, 1(4) x (2)1 ,Grêmio,(2)1,1,2,,,2011_RS,Gauchão,Beira-Rio,,Leandro Damião (I) e Junior Viçosa (G),Clássico decidiu o título da Taça Farroupilha (2º turno do Gauchão),,
384,30/01/2011,Grêmio 2 x 1 Internacional,Grêmio,2,2,, 2 x 1 ,Internacional,1,1,,,,2011_RS,Gauchão,"Atílio Paiva (Rivera, Uruguai)",,Guto (I); Bruno Collaço e Lins (G).,Primeiro clássico realizado fora do Brasil.,,
383,24/10/2010,Grêmio 2 x 2 Internacional,Grêmio,2,2,, 2 x 2 ,Internacional,2,2,,,45234,2010_BR,Brasileirão,Olímpico,,Alecsandro e Andrés D’Alessandro (I); André Lima e Fábio Santos (G).,Último clássico do árbitro Carlos Simon.,,
382,1º/08/2010,Internacional 0 x 0 Grêmio,Internacional,0,0,, 0 x 0 ,Grêmio,0,0,,,36240,2010_BR,Brasileirão,Beira-Rio,,,,,
381,02/05/2010,Grêmio 0 x 1 Internacional,Grêmio,0,0,, 0 x 1 ,Internacional,1,1,,,,2010_RS,Gauchão,Olímpico,,Giuliano,"Clássico decidiu o título do Gauchão, com o Grêmio sangrando-se campeão após dois anos consecutivos de conquistas do Inter.",,
380,25/04/2010,Internacional 0 x 2 Grêmio,Internacional,0,0,, 0 x 2 ,Grêmio,2,2,,,,2010_RS,Gauchão,Beira-Rio,,Rodrigo e Borges.,Primeiro clássico da decisão do título.,,
379,31/01/2010,Internacional 1 x 0 Grêmio,Internacional,1,1,, 1 x 0 ,Grêmio,0,0,,,,2010_RS,Gauchão,"Colosso da Lagoa, em Erechim",,Alecsandro (I).,Foi o primeiro Gre-Nal da temporada 2010.,,
378,25/10/2009,Internacional 1 x 0 Grêmio,Internacional,1,1,, 1 x 0 ,Grêmio,0,0,,,,2009_BR,Brasileirão,Beira-Rio,,Andrés D’Alessandro.,Foi a quarta vitória colorada em cinco clássicos disputados em 2009.,,
377,19/07/2009,Grêmio 2 x 1 Internacional,Grêmio,2,2,, 2 x 1 ,Internacional,1,1,,,,2009_BR,Brasileirão,Olímpico,,Nilmar (I); Souza e Maxi López (G).,A vitória quebrou uma invencibilidade de 7 jogos do Inter.,,
376,05/04/2009,Internacional 2 x 1 Grêmio,Internacional,2,2,, 2 x 1 ,Grêmio,1,1,,,,2009_RS,Taça Fábio Koff (Gauchão),Beira-Rio,,Tcheco (G); Andrezinho e Índio (I).,Primeiro Gre-Nal após a comemoração do Centenário.,,
375,1º/03/2009,Internacional 2 x 1 Grêmio,Internacional,2,2,, 2 x 1 ,Grêmio,1,1,,,,2009_RS,Gauchão – Taça Fernando Carvalho,Beira-Rio,,Índio e Magrão.,"A vitória garantiu a conquista da Taça Fernando Carvalho, equivalente ao primeiro turno do Gauchão.",,
374,08/02/2009,Grêmio 1 x 2 Internacional,Grêmio,1,1,, 1 x 2 ,Internacional,2,2,,,,2009_RS,Gaúcho,"Colosso da Lagoa, Erechim",,Andrés D’Alessandro e Nilmar.,Primeiro clássico no ano do Centenário do Inter.,,
373,28/09/2008,Internacional 4 x 1 Grêmio,Internacional,4,4,, 4 x 1 ,Grêmio,1,1,,,,2008_BR,Brasileirão,Beira-Rio,,"Andrés D’Alessandro, Alex, Índio e Nilmar (I); Tcheco (G).",Vitória colorado tira o Grêmio da liderança do campeonato. É a primeira vez na história do Beira-Rio que o Inter faz quatro gols no clássico.,,
372,28/08/2008,Grêmio 2 x 2 Internacional,Grêmio,2,2,, 2 x 2 ,Internacional,2,2,,2ª Eliminatória,23960,2008_CSA,Copa Sul-Americana,Olímpico,,Nilmar e Índio (I); Edixon Perea e Soares (G).,Inter garantiu a classificação à fase seguinte da competição.,2a fase sula,
371,13/08/2008,Internacional 1 x 1 Grêmio,Internacional,1,1,, 1 x 1 ,Grêmio,1,1,,2ª Eliminatória,28921,2008_CSA,Sul-Americana,Beira-Rio,,Daniel Carvalho (I); Léo (G).,,2a fase sula,
370,29/06/2008,Grêmio 1 x 1 Internacional,Grêmio,1,1,, 1 x 1 ,Internacional,1,1,,,42888,2008_BR,Brasileiro,Olímpico,,Índio (I); Roger (G).,,,
369,16/09/2007,Grêmio 1 x 0 Internacional,Grêmio,1,1,, 1 x 0 ,Internacional,0,0,,,,2007_BR,Campeonato Brasileiro,Olímpico,,Léo.,,,
368,24/06/2007,Internacional 0 x 2 Grêmio,Internacional,0,0,, 0 x 2 ,Grêmio,2,2,,,,2007_BR,Brasileiro,Beira-Rio,,Lúcio e Diego Souza.,Inter perde o clássico depois de três anos.,,
367,05/11/2006,Grêmio 0 x 1 Internacional,Grêmio,0,0,, 0 x 1 ,Internacional,1,1,,,,2006_BR,Brasileiro,Olímpico,,Iarley.,Último clássico antes da disputa do Mundial Interclubes no Japão.,,
366,30/07/2006,Internacional 0 x 0 Grêmio,Internacional,0,0,, 0 x 0 ,Grêmio,0,0,,,33251,2006_BR,Brasileiro,Beira-Rio,,,,,
365,09/04/2006,Internacional 1 x 1 Grêmio,Internacional,1,1,, 1 x 1 ,Grêmio,1,1,,,,2006_RS,Campeonato Gaúcho,Beira-Rio,,Fernandão (I); Pedro Júnior (G).,Grêmio campeão 2006,,
364,1º/04/2006,Grêmio 0 x 0 Internacional,Grêmio,0,0,, 0 x 0 ,Internacional,0,0,,,,2006_RS,Campeonato Gaúcho,Olímpico,,,,,
363,23/10/2004,Grêmio 1 x 3 Internacional,Grêmio,1,1,, 1 x 3 ,Internacional,3,3,,,,2004_BR,Campeonato Brasileiro,Olímpico,,"Diego, Fernandão e Rodrigo Paulista (I); Anderson (G).",Inter iguala 1947 com cinco vitórias em uma mesma temporada.,,
362,22/09/2004,Grêmio 2 x 1 Internacional,Grêmio,2,2,, 2 x 1 ,Internacional,1,1,,,,2004_CSA,Copa do Sul Americana,Olímpico,,Chiquinho (I); Cláudio Pitbull (G) e Roberto Santos (G).,,,
361,15/09/2004,Internacional 2 x 0 Grêmio,Internacional,2,2,, 2 x 0 ,Grêmio,0,0,,,,2004_CSA,Copa do Sul Americana,Beira-Rio,,Fernandão e Chiquinho.,Primeiro Gre-Nal em competição Internacional,,
360,10/07/2004,Internacional 2 x 0 Grêmio,Internacional,2,2,, 2 x 0 ,Grêmio,0,0,,,,2004_BR,Campeonato Brasileiro,Beira-Rio,,Vinicius e Fernandão.,Gre-Nal do Gol 1.000 de Fernandão,,
359,04/04/2004,Grêmio 1 x 2 Internacional,Grêmio,1,1,, 1 x 2 ,Internacional,2,2,,,,2004_RS,Campeonato Gaúcho,Montanha dos Vinhedos – Bento Gonçalves,,Luciano Ratinho (G); Edinho e Nilmar (I).,Taça Bento Gonçalves – inauguração do novo estádio do Esportivo – 95 anos Internacional – Gol de Nilmar na prorrogação,,
358,07/03/2004,Grêmio 1 x 2 Internacional,Grêmio,1,1,, 1 x 2 ,Internacional,2,2,,,,2004_RS,Campeonato Gaúcho,Olímpico,,Élder Granja e Nilmar (I); Christian (G).,,,
357,15/02/2004,Internacional 1 x 1 Grêmio,Internacional,1,1,, 1 x 1 ,Grêmio,1,1,,,,2004_RS,Campeonato Gaúcho,Beira-Rio,,Christian (G); Élder Granja (I).,,,
356,12/10/2003,Internacional 0 x 1 Grêmio,Internacional,0,0,, 0 x 1 ,Grêmio,1,1,,,,2003_BR,Campeonato Brasileiro,Beira-Rio,,Christian (G).,,,
355,15/06/2003,Grêmio 0 x 0 Internacional,Grêmio,0,0,, 0 x 0 ,Internacional,0,0,,,30481,2003_BR,Campeonato Brasileiro,Olímpico,,,,,
354,09/03/2003,Internacional 1 x 0 Grêmio,Internacional,1,1,, 1 x 0 ,Grêmio,0,0,,,,2003_RS,Campeonato Gaúcho,Beira-Rio,,André (I).,Estréia de Christian no Grêmio,,
353,09/02/2003,Grêmio 1 x 2 Internacional,Grêmio,1,1,, 1 x 2 ,Internacional,2,2,,,,2003_RS,Campeonato Gaúcho,Olímpico,,Luis Mario (G); Vinicius e Daniel Carvalho (I).,,,
352,26/10/2002,Internacional 0 x 1 Grêmio,Internacional,0,0,, 0 x 1 ,Grêmio,1,1,,,,2002_BR,Campeonato Brasileiro,Beira-Rio,,Rodrigo Mendes (G).,,,
351,20/03/2002,Internacional 1 x 1 Grêmio,Internacional,1,1,, 1 x 1 ,Grêmio,1,1,,,,2002_CSM,Copa Sul-Minas,Beira-Rio,,"Gilberto (G), Fabiano Costa (I).",,,
350,06/10/2001,Grêmio 1 x 0 Internacional,Grêmio,1,1,, 1 x 0 ,Internacional,0,0,,,,2001_BR,Campeonato Brasileiro,Olímpico,,Luis Mario (G).,,,
349,13/05/2001,Internacional 0 x 0 Grêmio,Internacional,0,0,, 0 x 0 ,Grêmio,0,0,,,,2001_RS,Campeonato Gaúcho,Beira-Rio,,,,,
348,01/04/2001,Grêmio 4 x 2 Internacional,Grêmio,4,4,, 4 x 2 ,Internacional,2,2,,,,2001_RS,Campeonato Gaúcho,Olímpico,,"Tinga (2), Rodrigo Mendes e Zinho (G); Luiz Cláudio e Fábio Pinto (I).",,,
347,07/10/2000,Internacional 1 x 2 Grêmio,Internacional,1,1,, 1 x 2 ,Grêmio,2,2,,,,2000_BR,Campeonato Brasileiro,Beira-Rio,,Elivélton (I); Ronaldinho e Warley (G).,,,
346,07/06/2000,Grêmio 1 x 0 Internacional,Grêmio,1,1,, 1 x 0 ,Internacional,0,0,,,,2000_RS,Campeonato Gaúcho,Olímpico,,Ronaldinho (G).,,,
345,30/04/2000,Internacional 1 x 1 Grêmio,Internacional,1,1,, 1 x 1 ,Grêmio,1,1,,,,2000_RS,Campeonato Gaúcho,Beira-Rio,,Júlio Enciso (I); Ronaldinho (G).,,,
344,25/11/1999,Internacional 1 x 1 Grêmio,Internacional,1,1,, 1 x 1 ,Grêmio,1,1,,,,1999_SLA,Seletiva Libertadores,Beira-Rio,,Almir (I); Guilherme (G).,,,
343,20/11/1999,Grêmio 1 x 1 Internacional,Grêmio,1,1,, 1 x 1 ,Internacional,1,1,,,,1999_SLA,Seletiva Libertadores,Olímpico,,Ronaldinho (G); Almir (I).,,,
342,12/09/1999,Grêmio 1 x 0 Internacional,Grêmio,1,1,, 1 x 0 ,Internacional,0,0,,,,1999_BR,Campeonato Brasileiro,Olímpico,,Zé Alcino (G).,,,
341,20/06/1999,Grêmio 1 x 0 Internacional,Grêmio,1,1,, 1 x 0 ,Internacional,0,0,,,,1999_RS,Campeonato Gaúcho,Olímpico,,Ronaldinho (G).,Grêmio campeão 1999,,
340,16/06/1999,Grêmio 2 x 0 Internacional,Grêmio,2,2,, 2 x 0 ,Internacional,0,0,,,,1999_RS,Campeonato Gaúcho,Olímpico,,Ronaldinho e Agnaldo (G).,,,
339,13/06/1999,Internacional 1 x 0 Grêmio,Internacional,1,1,, 1 x 0 ,Grêmio,0,0,,,,1999_RS,Campeonato Gaúcho,Beira-Rio,,Gonçalves (I).,,,
338,28/03/1999,Internacional 2 x 0 Grêmio,Internacional,2,2,, 2 x 0 ,Grêmio,0,0,,,,1999_CSU,Copa Sul,Beira-Rio,,Fabiano e Dunga (I).,,,
337,17/03/1999,Grêmio 1 x 1 Internacional,Grêmio,1,1,, 1 x 1 ,Internacional,1,1,,,,1999_CSU,Copa Sul,Olímpico,,Macedo (G); Christian (I).,,,
336,26/07/1998,Internacional 1 x 0 Grêmio,Internacional,1,1,, 1 x 0 ,Grêmio,0,0,,,,1998_BR,Campeonato Brasileiro,Beira-Rio,,Christian (I),,,
335,24/08/1997,Grêmio 2 x 5 Internacional,Grêmio,2,2,, 2 x 5 ,Internacional,5,5,,,,1997_BR,Campeonato Brasileiro,Olímpico,,"Christian (I), Sandoval (I), Fabiano (I), Fabiano (I), Sérgio Manoel (G), Marcelo (I), Gilmar (G)",Gre-Nal dos 5x2,,
334,02/07/1997,Internacional 1 x 0 Grêmio,Internacional,1,1,, 1 x 0 ,Grêmio,0,0,,,,1997_RS,Campeonato Gaúcho,Beira-Rio,,Fabiano (I),Inter campeão 1997,,
333,29/06/1997,Grêmio 1 x 1 Internacional,Grêmio,1,1,, 1 x 1 ,Internacional,1,1,,,,1997_RS,Campeonato Gaúcho,Olímpico,,"Wagner (G), Christian (I)",,,
332,23/03/1997,Grêmio 0 x 0 Internacional,Grêmio,0,0,, 0 x 0 ,Internacional,0,0,,,,1997_RS,Campeonato Gaúcho,Olímpico,,,,,
331,22/09/1996,Internacional 1 x 2 Grêmio,Internacional,1,1,, 1 x 2 ,Grêmio,2,2,,,,1996_BR,Campeonato Brasileiro,Beira-Rio,,"Paulo Nunes (G), Murilo (I), Dinho (G)",,,
330,17/03/1996,Internacional 1 x 1 Grêmio,Internacional,1,1,, 1 x 1 ,Grêmio,1,1,,,,1996_RS,Campeonato Gaúcho,Beira-Rio,,"Goiano (G), Fabinho (I)",,,
329,31/10/1995,Internacional 0 x 1 Grêmio,Internacional,0,0,, 0 x 1 ,Grêmio,1,1,,,,1995_BR,Campeonato Brasileiro,Beira-Rio,,Jardel (G),,,
328,13/08/1995,Grêmio 2 x 1 Internacional,Grêmio,2,2,, 2 x 1 ,Internacional,1,1,,,,1995_RS,Campeonato Gaúcho,Olímpico,,"Nildo (G), Zé Alcindo (I), Carlos Miguel (G)",Grêmio campeão 1995,,
327,06/08/1995,Internacional 1 x 1 Grêmio,Internacional,1,1,, 1 x 1 ,Grêmio,1,1,,,,1995_RS,Campeonato Gaúcho,Beira-Rio,,"Mazinho Loiola (I), Nildo (G)",,,
326,28/06/1995,Grêmio 2 x 0 Internacional,Grêmio,2,2,, 2 x 0 ,Internacional,0,0,,,,1995_RS,Campeonato Gaúcho,Olímpico,,"Paulo Nunes (G), Jardel (G)",,,
325,02/04/1995,Internacional 2 x 1 Grêmio,Internacional,2,2,, 2 x 1 ,Grêmio,1,1,,,,1995_RS,Campeonato Gaúcho,Beira-Rio,,"Nando (I), Leandro (I), Paulo Nunes (G)",,,
324,17/12/1994,Grêmio 1 x 4 Internacional,Grêmio,1,1,, 1 x 4 ,Internacional,4,4,,,,1994_RS,Campeonato Gaúcho,Olímpico,,"Leto (I), Ayupe (G), Leandro (I), Leto (I), Leandro (I)",Copa ZH 30 anos,,
323,16/10/1994,Grêmio 1 x 1 Internacional,Grêmio,1,1,, 1 x 1 ,Internacional,1,1,,,43890,1994_BR,Campeonato Brasileiro,Olímpico,,"Nando (I), Agnaldo (G)",,,
322,12/06/1994,Internacional 1 x 0 Grêmio,Internacional,1,1,, 1 x 0 ,Grêmio,0,0,,,,1994_RS,Campeonato Gaúcho,Beira-Rio,,Argel (I),,,
321,18/07/1993,Grêmio 0 x 0 Internacional,Grêmio,0,0,, 0 x 0 ,Internacional,0,0,,,,1993_RS,Campeonato Gaúcho,Olímpico,,,,,
320,27/06/1993,Internacional 0 x 1 Grêmio,Internacional,0,0,, 0 x 1 ,Grêmio,1,1,,,,1993_RS,Campeonato Gaúcho,Beira-Rio,,Gilson (G),,,
319,23/12/1992,Internacional 0 x 0 Grêmio,Internacional,0,0,, 0 x 0 ,Grêmio,0,0,,,,1992_RS,Campeonato Gaúcho,Beira-Rio,,,Inter bicampeão 1992,,
318,20/12/1992,Grêmio 1 x 3 Internacional,Grêmio,1,1,, 1 x 3 ,Internacional,3,3,,,,1992_RS,Campeonato Gaúcho,Olímpico,,"Marquinhos (I), Alcindo (G), Nando (I), Nando (I)",,,
317,17/11/1992,Internacional 1 x 1 Grêmio,Internacional,1,1,3, 1 x 1 ,Grêmio,1,1,0,,76207,1992_CDB,Copa do Brasil,Beira-Rio,,"Gerson (I), Carlinhos (G)",Inter 3x0 – penaltis – Quartas de final Copa do Brasil,,
316,06/11/1992,Grêmio 1 x 1 Internacional,Grêmio,1,1,, 1 x 1 ,Internacional,1,1,,,55425,1992_CDB,Copa do Brasil,Olímpico,,"Alcindo (G), Gerson (I)",,,
315,13/09/1992,Internacional 1 x 1 Grêmio,Internacional,1,1,, 1 x 1 ,Grêmio,1,1,,,,1992_RS,Campeonato Gaúcho,Beira-Rio,,"Alcindo (G), Maurício (I)",,,
314,21/06/1992,Grêmio 0 x 0 Internacional,Grêmio,0,0,, 0 x 0 ,Internacional,0,0,,,,AMISTOSO,Amistoso,Colosso da Lagoa – Erechim,,,,,
313,18/06/1992,Internacional 0 x 0 Grêmio,Internacional,0,0,, 0 x 0 ,Grêmio,0,0,,,,AMISTOSO,Amistoso,,,Beira-Rio,,,
312,14/06/1992,Grêmio 2 x 0 Internacional,Grêmio,2,2,, 2 x 0 ,Internacional,0,0,,,,AMISTOSO,Amistoso,Olímpico,,"Jandir (G), Lira (G)",,,
311,15/12/1991,Internacional 0 x 0 Grêmio,Internacional,0,0,, 0 x 0 ,Grêmio,0,0,,,,1991_RS,Campeonato Gaúcho,Beira-Rio,,,Inter campeão 1991,,
310,08/12/1991,Internacional 0 x 2 Grêmio,Internacional,0,0,, 0 x 2 ,Grêmio,2,2,,,,1991_RS,Campeonato Gaúcho,Beira-Rio,,"Assis (G), Lira (G)",,,
309,01/12/1991,Grêmio 0 x 1 Internacional,Grêmio,0,0,, 0 x 1 ,Internacional,1,1,,,,1991_RS,Campeonato Gaúcho,Olímpico,,Alex (I),,,
308,22/09/1991,Grêmio 2 x 1 Internacional,Grêmio,2,2,, 2 x 1 ,Internacional,1,1,,,,1991_RS,Campeonato Gaúcho,Olímpico,,"Caio (G), Caio (G), Marquinhos (I)",,,
307,16/02/1991,Grêmio 0 x 0 Internacional,Grêmio,0,0,, 0 x 0 ,Internacional,0,0,,,45276,1991_BR,Campeonato Brasileiro,Olímpico,,,,,
306,26/08/1990,Internacional 0 x 1 Grêmio,Internacional,0,0,, 0 x 1 ,Grêmio,1,1,,,,1990_BR,Campeonato Brasileiro,Beira-Rio,,Nilson (G),,,
305,29/07/1990,Grêmio 4 x 1 Internacional,Grêmio,4,4,, 4 x 1 ,Internacional,1,1,,,,1990_RS,Campeonato Gaúcho,Olímpico,,"Assis (G), Paulo Egidio (G), Cuca (G), Zaballa (I), Paulo Egidio (G)",Grêmio hexacampeão 1990,,
304,15/07/1990,Internacional 0 x 1 Grêmio,Internacional,0,0,, 0 x 1 ,Grêmio,1,1,,,,1990_RS,Campeonato Gaúcho,Beira-Rio,,Nilson (G),,,
303,03/06/1990,Internacional 1 x 0 Grêmio,Internacional,1,1,, 1 x 0 ,Grêmio,0,0,,,,1990_RS,Campeonato Gaúcho,Beira-Rio,,Edu (I),,,
302,22/03/1990,Grêmio 0 x 1 Internacional,Grêmio,0,0,, 0 x 1 ,Internacional,1,1,,,,1990_RS,Campeonato Gaúcho,Olímpico,,Nélson (I),,,
301,29/11/1989,Internacional 2 x 0 Grêmio,Internacional,2,2,, 2 x 0 ,Grêmio,0,0,,,,1989_BR,Campeonato Brasileiro,Beira-Rio,,"Nélson (I), Nélson (I)",,,
300,18/06/1989,Grêmio 0 x 0 Internacional,Grêmio,0,0,, 0 x 0 ,Internacional,0,0,,,,1989_RS,Campeonato Gaúcho,Olímpico,,,Grêmio 4x3 – pênaltis,,
299,28/05/1989,Internacional 1 x 3 Grêmio,Internacional,1,1,, 1 x 3 ,Grêmio,3,3,,,,1989_RS,Campeonato Gaúcho,Beira-Rio,,"Luis Fernando Flores (I), Kita (G), Paulo Egidio (G), Jandir (G)",,,
298,19/03/1989,Internacional 1 x 1 Grêmio,Internacional,1,1,, 1 x 1 ,Grêmio,1,1,,,,1989_RS,Campeonato Gaúcho,Beira-Rio,,"Jorginho (G), Maurício II (I)",,,
297,12/02/1989,Internacional 2 x 1 Grêmio,Internacional,2,2,, 2 x 1 ,Grêmio,1,1,,,,1989_BR,Campeonato Brasileiro,Beira-Rio,,"Marcus Vinicius (G), Nilson (I), Nilson (I)",Gre-Nal do século – Semifinal Campeonato Brasileiro 1988,,
296,09/02/1989,Grêmio 0 x 0 Internacional,Grêmio,0,0,, 0 x 0 ,Internacional,0,0,,,,1989_BR,Campeonato Brasileiro,Olímpico,,,,,
295,04/09/1988,Grêmio 1 x 0 Internacional,Grêmio,1,1,, 1 x 0 ,Internacional,0,0,,,,1988_BR,Campeonato Brasileiro,Olímpico,,Zé Roberto (G),,,
294,19/06/1988,Grêmio 3 x 3 Internacional,Grêmio,3,3,, 3 x 3 ,Internacional,3,3,,,,1988_RS,Campeonato Gaúcho,Olímpico,,"Lima (G), Amarildo (I), Lima (G), Heider (I), Zé Roberto (G), Luis Fernando Flores (I)",,,
293,22/05/1988,Internacional 0 x 0 Grêmio,Internacional,0,0,, 0 x 0 ,Grêmio,0,0,,,,1988_RS,Campeonato Gaúcho,,,Beira-Rio,,,
292,28/04/1988,Grêmio 3 x 1 Internacional,Grêmio,3,3,, 3 x 1 ,Internacional,1,1,,,,1988_RS,Campeonato Gaúcho,Olímpico,,"Luis Fernando Flores (I), Lima (G), Lima (G), Valdo (G)",,,
291,12/03/1988,Grêmio 1 x 0 Internacional,Grêmio,1,1,, 1 x 0 ,Internacional,0,0,,,,1988_RS,Campeonato Gaúcho,Olímpico,,Luis Carlos Winck-contra (G),,,
290,12/10/1987,Internacional 0 x 1 Grêmio,Internacional,0,0,, 0 x 1 ,Grêmio,1,1,,,,1987_BR,Campeonato Brasileiro,Beira-Rio,,Jorge Veras (G),,,
289,19/07/1987,Grêmio 3 x 2 Internacional,Grêmio,3,3,, 3 x 2 ,Internacional,2,2,,,,1987_RS,Campeonato Gaúcho,Olímpico,,"Jorge Veras (G), Lima (G), Lima (G), Luis Carlos Winck (I), Paulinho (I)",Grêmio tricampeão 1987,,
288,28/06/1987,Internacional 0 x 0 Grêmio,Internacional,0,0,, 0 x 0 ,Grêmio,0,0,,,,1987_RS,Campeonato Gaúcho,Beira-Rio,,,,,
287,16/06/1987,Grêmio 0 x 0 Internacional,Grêmio,0,0,, 0 x 0 ,Internacional,0,0,,,,1987_RS,Campeonato Gaúcho,Olímpico,,,Inter 3x2 – penaltis,,
286,14/06/1987,Grêmio 3 x 0 Internacional,Grêmio,3,3,, 3 x 0 ,Internacional,0,0,,,,1987_RS,Campeonato Gaúcho,Olímpico,,"Alfinete (G), Lima (G), Cristovão (G)",,,
285,31/05/1987,Internacional 1 x 1 Grêmio,Internacional,1,1,, 1 x 1 ,Grêmio,1,1,,,,1987_RS,Campeonato Gaúcho,Beira-Rio,,"Caio Jr (G), Amarildo (I)",,,
284,10/05/1987,Grêmio 0 x 1 Internacional,Grêmio,0,0,, 0 x 1 ,Internacional,1,1,,,,1987_RS,Campeonato Gaúcho,Olímpico,,Balalo (I),,,
283,05/04/1987,Internacional 0 x 1 Grêmio,Internacional,0,0,, 0 x 1 ,Grêmio,1,1,,,,1987_RS,Campeonato Gaúcho,Beira-Rio,,Caio Jr (G),,,
282,29/03/1987,Grêmio 2 x 1 Internacional,Grêmio,2,2,, 2 x 1 ,Internacional,1,1,,,,1987_RS,Campeonato Gaúcho,Olímpico,,"Jorge Veras (G), Jorge Veras (G), Amarildo (I)",,,
281,18/03/1987,Internacional 2 x 2 Grêmio,Internacional,2,2,, 2 x 2 ,Grêmio,2,2,,,,1987_RS,Campeonato Gaúcho,Beira-Rio,,"Luis Fernando (I), Sabará (I), Caio Jr. (G), China (G)",,,
280,20/07/1986,Grêmio 1 x 0 Internacional,Grêmio,1,1,, 1 x 0 ,Internacional,0,0,,,,1986_RS,Campeonato Gaúcho,Olímpico,,Osvaldo (G),Grêmio bicampeão 1986,,
279,09/07/1986,Internacional 2 x 2 Grêmio,Internacional,2,2,, 2 x 2 ,Grêmio,2,2,,,,1986_RS,Campeonato Gaúcho,Beira-Rio,,"China-contra (I), Valdo (G), Marcelo Vita (I), Mauro Galvão-contra (G)",,,
278,11/05/1986,Grêmio 1 x 3 Internacional,Grêmio,1,1,, 1 x 3 ,Internacional,3,3,,,,1986_RS,Campeonato Gaúcho,Olímpico,,"Renato (G), Balalo (I), Airton (I), Marcelo Vita (I)",,,
277,23/03/1986,Internacional 0 x 1 Grêmio,Internacional,0,0,, 0 x 1 ,Grêmio,1,1,,,,1986_RS,Campeonato Gaúcho,Beira-Rio,,China (G),,,
276,08/12/1985,Grêmio 2 x 1 Internacional,Grêmio,2,2,, 2 x 1 ,Internacional,1,1,,,,1985_RS,Campeonato Gaúcho,Olímpico,,"Bonamigo (G), Caio Jr (G), Tita (I)",Grêmio campeão 1985,,
275,20/10/1985,Internacional 2 x 0 Grêmio,Internacional,2,2,, 2 x 0 ,Grêmio,0,0,,,,1985_RS,Campeonato Gaúcho,Beira-Rio,,"Paulo Santos (I), Henrique-contra (I)",,,
274,24/03/1985,Internacional 0 x 1 Grêmio,Internacional,0,0,, 0 x 1 ,Grêmio,1,1,,,,1985_BR,Campeonato Brasileiro,Beira-Rio,,Luis Fernando (G),,,
273,10/02/1985,Grêmio 2 x 0 Internacional,Grêmio,2,2,, 2 x 0 ,Internacional,0,0,,,,1985_BR,Campeonato Brasileiro,Olímpico,,"Ademir (G), Renato (G)",,,
272,13/12/1984,Grêmio 1 x 1 Internacional,Grêmio,1,1,, 1 x 1 ,Internacional,1,1,,,,1984_RS,Campeonato Gaúcho,Olímpico,,"Valdo (G), Kita (I)",,,
271,25/11/1984,Internacional 2 x 0 Grêmio,Internacional,2,2,, 2 x 0 ,Grêmio,0,0,,,,1984_RS,Campeonato Gaúcho,Beira-Rio,,"Mauro Galvão (I), Kita (I)",,,
270,08/11/1984,Internacional 2 x 1 Grêmio,Internacional,2,2,, 2 x 1 ,Grêmio,1,1,,,,1984_RS,Campeonato Gaúcho,Beira-Rio,,"Rubem Paz (I), Rubem Paz (I), Carlos Alberto Garcia (G)",,,
269,23/09/1984,Grêmio 0 x 2 Internacional,Grêmio,0,0,, 0 x 2 ,Internacional,2,2,,,,1984_RS,Campeonato Gaúcho,Olímpico,,"Jussiê (I), Rubem Paz (I)",,,
268,26/01/1984,Grêmio 4 x 2 Internacional,Grêmio,4,4,, 4 x 2 ,Internacional,2,2,,,,AMISTOSO,Amistoso,Olímpico,,"Renato (G), Osvaldo (G), Caio (G), Paulo Cesar (G), Bonamigo-contra (I), Rubem Paz (I)",,,
267,27/11/1983,Internacional 2 x 2 Grêmio,Internacional,2,2,, 2 x 2 ,Grêmio,2,2,,,,1983_RS,Campeonato Gaúcho,Beira-Rio,,"Gerson (I), Milton Cruz (I), Raul (G), Raul (G)",,,
266,02/11/1983,Grêmio 0 x 0 Internacional,Grêmio,0,0,, 0 x 0 ,Internacional,0,0,,,,1983_RS,Campeonato Gaúcho,Olímpico,,,,,
265,02/10/1983,Internacional 1 x 1 Grêmio,Internacional,1,1,, 1 x 1 ,Grêmio,1,1,,,,1983_RS,Campeonato Gaúcho,Beira-Rio,,"Mauro Galvão (I), Osvaldo (G)",,,
264,30/07/1983,Grêmio 0 x 1 Internacional,Grêmio,0,0,, 0 x 1 ,Internacional,1,1,,,,1983_RS,Campeonato Gaúcho,Olímpico,,Gerson (I),,,
263,28/11/1982,Grêmio 0 x 2 Internacional,Grêmio,0,0,, 0 x 2 ,Internacional,2,2,,,,1982_RS,Campeonato Gaúcho,Olímpico,,"Geraldão (I), Geraldão (I)",Inter bicampeão 1982,,
262,07/11/1982,Internacional 3 x 1 Grêmio,Internacional,3,3,, 3 x 1 ,Grêmio,1,1,,,,1982_RS,Campeonato Gaúcho,Beira-Rio,,"Geraldão (I), Geraldão (I), Geraldão (I), Leandro (G)",,,
261,10/10/1982,Grêmio 2 x 2 Internacional,Grêmio,2,2,, 2 x 2 ,Internacional,2,2,,,,1982_RS,Campeonato Gaúcho,Olímpico,,"Mauro Pastor (I), Edmar (G), China (G), Cléo (I)",,,
260,03/08/1982,Internacional 0 x 2 Grêmio,Internacional,0,0,, 0 x 2 ,Grêmio,2,2,,,,1982_RS,Campeonato Gaúcho,Beira-Rio,,"Edmar (G), Tarciso (G)",,,
259,29/11/1981,Grêmio 1 x 1 Internacional,Grêmio,1,1,, 1 x 1 ,Internacional,1,1,,,,1981_RS,Campeonato Gaúcho,Olímpico,,"Silvinho (I), Baltazar (G)",Inter campeão 1981,,
258,04/11/1981,Internacional 2 x 1 Grêmio,Internacional,2,2,, 2 x 1 ,Grêmio,1,1,,,,1981_RS,Campeonato Gaúcho,Beira-Rio,,"Geraldão (G), Bira (I), Cléo (I)",,,
257,07/10/1981,Internacional 0 x 0 Grêmio,Internacional,0,0,, 0 x 0 ,Grêmio,0,0,,,,1981_RS,Campeonato Gaúcho,Beira-Rio,,,,,
256,26/07/1981,Grêmio 0 x 0 Internacional,Grêmio,0,0,, 0 x 0 ,Internacional,0,0,,,,1981_RS,Campeonato Gaúcho,Olímpico,,,,,
255,23/11/1980,Internacional 0 x 0 Grêmio,Internacional,0,0,, 0 x 0 ,Grêmio,0,0,,,,1980_RS,Campeonato Gaúcho,Beira-Rio,,,Grêmio bicampeão 1980,,
254,05/11/1980,Grêmio 0 x 0 Internacional,Grêmio,0,0,, 0 x 0 ,Internacional,0,0,,,,1980_RS,Campeonato Gaúcho,Olímpico,,,,,
253,19/10/1980,Internacional 1 x 0 Grêmio,Internacional,1,1,, 1 x 0 ,Grêmio,0,0,,,,1980_RS,Campeonato Gaúcho,Beira-Rio,,Jair (I),,,
252,24/08/1980,Grêmio 2 x 2 Internacional,Grêmio,2,2,, 2 x 2 ,Internacional,2,2,,,,1980_RS,Campeonato Gaúcho,Olímpico,,"Baltazar (G), Pompéia (I), Tarciso (G), Pompéia (I)",,,
251,06/10/1979,Internacional 1 x 0 Grêmio,Internacional,1,1,, 1 x 0 ,Grêmio,0,0,,,,1979_BR,Campeonato Brasileiro,Beira-Rio,,Jair (I),,,
250,20/09/1979,Grêmio 1 x 1 Internacional,Grêmio,1,1,, 1 x 1 ,Internacional,1,1,,,,1979_RS,Campeonato Gaúcho,Olímpico,,"Leandro (G), Jair (I)",,,
249,26/08/1979,Internacional 1 x 2 Grêmio,Internacional,1,1,, 1 x 2 ,Grêmio,2,2,,,,1979_RS,Campeonato Gaúcho,Beira-Rio,,"Jurandir (G), Baltazar (G), Chico Spina (I)",,,
248,22/07/1979,Grêmio 1 x 1 Internacional,Grêmio,1,1,, 1 x 1 ,Internacional,1,1,,,,1979_RS,Campeonato Gaúcho,Olímpico,,"Borracha (I), Éder (G)",,,
247,13/05/1979,Internacional 0 x 0 Grêmio,Internacional,0,0,, 0 x 0 ,Grêmio,0,0,,,,1979_RS,Campeonato Gaúcho,Beira-Rio,,,,,
246,17/12/1978,Grêmio 1 x 2 Internacional,Grêmio,1,1,, 1 x 2 ,Internacional,2,2,,,,1978_RS,Campeonato Gaúcho,Olímpico,,"Valdomiro (I), Tarciso (G), Valdomiro (I)",Inter campeão 1978,,
245,13/12/1978,Internacional 2 x 2 Grêmio,Internacional,2,2,, 2 x 2 ,Grêmio,2,2,,,,1978_RS,Campeonato Gaúcho,Beira-Rio,,"Adilson (I), Adilson (I), Iúra (G), Éder (G)",,,
244,26/11/1978,Grêmio 0 x 0 Internacional,Grêmio,0,0,, 0 x 0 ,Internacional,0,0,,,,1978_RS,Campeonato Gaúcho,Olímpico,,,,,
243,08/11/1978,Internacional 2 x 1 Grêmio,Internacional,2,2,, 2 x 1 ,Grêmio,1,1,,,,1978_RS,Campeonato Gaúcho,Beira-Rio,,"Jair (I), Éder (G), Valdomiro (I)",,,
242,05/11/1978,Grêmio 1 x 1 Internacional,Grêmio,1,1,, 1 x 1 ,Internacional,1,1,,,,1978_RS,Campeonato Gaúcho,Olímpico,,"Caçapava (I), André (G)",,,
241,15/09/1978,Internacional 1 x 0 Grêmio,Internacional,1,1,, 1 x 0 ,Grêmio,0,0,,,,1978_RS,Campeonato Gaúcho,Beira-Rio,,Tonho (I),,,
240,10/09/1978,Grêmio 2 x 2 Internacional,Grêmio,2,2,, 2 x 2 ,Internacional,2,2,,,,1978_RS,Campeonato Gaúcho,Olímpico,,"Valdomiro (I), Éder (G), Falcão (I), Renato Sá (G)",,,
239,07/09/1978,Internacional 1 x 0 Grêmio,Internacional,1,1,, 1 x 0 ,Grêmio,0,0,,,,1978_RS,Campeonato Gaúcho,Beira-Rio,,Anchieta (I),,,
238,20/08/1978,Grêmio 2 x 1 Internacional,Grêmio,2,2,, 2 x 1 ,Internacional,1,1,,,,1978_RS,Campeonato Gaúcho,Olímpico,,"Anchieta (I), André (G), Éder (G)",,,
237,23/04/1978,Internacional 2 x 3 Grêmio,Internacional,2,2,, 2 x 3 ,Grêmio,3,3,,,,1978_BR,Campeonato Brasileiro,Beira-Rio,,"Lúcio (I), André (G), Falcão (I), Ladinho (G), Éder (G)",,,
236,06/11/1977,Internacional 0 x 4 Grêmio,Internacional,0,0,, 0 x 4 ,Grêmio,4,4,,,,1977_BR,Campeonato Brasileiro,Beira-Rio,,"Iura (G), Tadeu Ricchi (G), Iura (G), Tarciso (G)",,,
235,25/09/1977,Grêmio 1 x 0 Internacional,Grêmio,1,1,, 1 x 0 ,Internacional,0,0,,,,1977_RS,Campeonato Gaúcho,Olímpico,,André (G),Gremio campeão 1977,,
234,18/09/1977,Internacional 0 x 2 Grêmio,Internacional,0,0,, 0 x 2 ,Grêmio,2,2,,,,1977_RS,Campeonato Gaúcho,Beira-Rio,,"Tadeu Ricchi (G), Tarciso (G)",,,
233,14/08/1977,Grêmio 2 x 1 Internacional,Grêmio,2,2,, 2 x 1 ,Internacional,1,1,,,,1977_RS,Campeonato Gaúcho,Olímpico,,"Iúra (G), Tarciso (G), Hermínio (I)",O gol mais rápido – Iúra aos 14 segundos,,
232,03/06/1977,Internacional 0 x 0 Grêmio,Internacional,0,0,, 0 x 0 ,Grêmio,0,0,,,,1977_RS,Campeonato Gaúcho,Beira-Rio,,,,,
231,29/05/1977,Grêmio 0 x 1 Internacional,Grêmio,0,0,, 0 x 1 ,Internacional,1,1,,,,1977_RS,Campeonato Gaúcho,Olímpico,,Dario (I),,,
230,08/05/1977,Internacional 1 x 0 Grêmio,Internacional,1,1,, 1 x 0 ,Grêmio,0,0,,,,1977_RS,Campeonato Gaúcho,Beira-Rio,,Santos (I),,,
229,17/04/1977,Grêmio 3 x 0 Internacional,Grêmio,3,3,, 3 x 0 ,Internacional,0,0,,,,1977_RS,Campeonato Gaúcho,Olímpico,,"Tadeu Ricci (G), Tadeu Ricci (G), Alcindo (G)",Volta de Alcindo,,
228,07/09/1976,Internacional 3 x 1 Grêmio,Internacional,3,3,, 3 x 1 ,Grêmio,1,1,,,,1976_BR,Campeonato Brasileiro,Beira-Rio,,"Alexandre Bueno (G), Lula (I), Jair (I), Lula (I)",,,
227,22/08/1976,Internacional 2 x 0 Grêmio,Internacional,2,2,, 2 x 0 ,Grêmio,0,0,,,,1976_RS,Campeonato Gaúcho,Beira-Rio,,"Lula (I), Dario (I)",Inter octacampeão 1976,,
226,18/08/1976,Grêmio 1 x 1 Internacional,Grêmio,1,1,, 1 x 1 ,Internacional,1,1,,,,1976_RS,Campeonato Gaúcho,Olímpico,,"Tarciso (G), Escurinho (I)",,,
225,09/08/1976,Internacional 1 x 0 Grêmio,Internacional,1,1,, 1 x 0 ,Grêmio,0,0,,,,1976_RS,Campeonato Gaúcho,Beira-Rio,,Beto Fuscão-contra (I),,,
224,28/07/1976,Grêmio 2 x 0 Internacional,Grêmio,2,2,, 2 x 0 ,Internacional,0,0,,,,1976_RS,Campeonato Gaúcho,Olímpico,,"Alexandre Bueno (G),Ancheta (G)",,,
223,25/07/1976,Internacional 2 x 0 Grêmio,Internacional,2,2,, 2 x 0 ,Grêmio,0,0,,,,1976_RS,Campeonato Gaúcho,Beira-Rio,,"Figueroa (I), Carpegiani (I)",73.219 pagantes,,
222,23/11/1975,Internacional 1 x 0 Grêmio,Internacional,1,1,, 1 x 0 ,Grêmio,0,0,,,,1975_BR,Campeonato Brasileiro,Beira-Rio,,Beto Fuscão-contra (I),,,
221,07/09/1975,Internacional 1 x 1 Grêmio,Internacional,1,1,, 1 x 1 ,Grêmio,1,1,,,40776,1975_BR,Campeonato Brasileiro,Beira-Rio,,"Lula (I), Zequinha (G)",,,
220,10/08/1975,Internacional 1 x 0 Grêmio,Internacional,1,1,, 1 x 0 ,Grêmio,0,0,,,,1975_RS,Campeonato Gaúcho,Beira-Rio,,Flávio (I),Inter heptacampeão 1975 – gol de Flávio na prorrogação,,
219,06/08/1975,Grêmio 1 x 1 Internacional,Grêmio,1,1,, 1 x 1 ,Internacional,1,1,,,,1975_RS,Campeonato Gaúcho,Olímpico,,"Nenê (G), Figueroa (I)",,,
218,23/07/1975,Internacional 1 x 3 Grêmio,Internacional,1,1,, 1 x 3 ,Grêmio,3,3,,,,1975_RS,Campeonato Gaúcho,Beira-Rio,,"Zequinha (G), Zequinha (G), Falcão (I), Vacaria-contra (G)",,,
217,13/07/1975,Grêmio 1 x 2 Internacional,Grêmio,1,1,, 1 x 2 ,Internacional,2,2,,,,1975_RS,Campeonato Gaúcho,Olímpico,,"Flávio (I), Carpegiani (I), Falcão-contra (G)",17 Gre-Nais invictos – Volta de Flavio,,
216,01/05/1975,Internacional 2 x 0 Grêmio,Internacional,2,2,, 2 x 0 ,Grêmio,0,0,,,,AMISTOSO,Amistoso,Beira-Rio,,"Escurinho (I), Escurinho (I)",,,
215,01/12/1974,Internacional 1 x 0 Grêmio,Internacional,1,1,, 1 x 0 ,Grêmio,0,0,,,,1974_RS,Campeonato Gaúcho,Beira-Rio,,Valdomiro (I),Inter hexacampeão 1974,,
214,29/09/1974,Grêmio 0 x 1 Internacional,Grêmio,0,0,, 0 x 1 ,Internacional,1,1,,,,1974_RS,Campeonato Gaúcho,Olímpico,,Escurinho (I),,,
213,24/03/1974,Internacional 2 x 1 Grêmio,Internacional,2,2,, 2 x 1 ,Grêmio,1,1,,,,1974_BR,Campeonato Brasileiro,Beira-Rio,,"Bolivar (G), Claudiomiro (I), Valdomiro (I)",Estréia de Lula,,
212,11/11/1973,Internacional 1 x 1 Grêmio,Internacional,1,1,, 1 x 1 ,Grêmio,1,1,,,85242,1973_BR,Campeonato Brasileiro,Beira-Rio,,"Valdomiro (I), Mazinho (G)",,,
211,05/08/1973,Grêmio 0 x 0 Internacional,Grêmio,0,0,, 0 x 0 ,Internacional,0,0,,,,1973_RS,Campeonato Gaúcho,Olímpico,,,,,
210,20/05/1973,Internacional 1 x 1 Grêmio,Internacional,1,1,, 1 x 1 ,Grêmio,1,1,,,,1973_RS,Campeonato Gaúcho,Beira-Rio,,"Oberti (G), Djair (I)",,,
209,20/09/1972,Internacional 1 x 0 Grêmio,Internacional,1,1,, 1 x 0 ,Grêmio,0,0,,,,1972_BR,Campeonato Brasileiro,Beira-Rio,,Figueroa (I),,,
208,30/08/1972,Internacional 2 x 0 Grêmio,Internacional,2,2,, 2 x 0 ,Grêmio,0,0,,,,1972_CIT,Citadino Porto Alegre,Beira-Rio,,"Escurinho (I), Volmir (I)",,,
207,20/08/1972,Grêmio 0 x 1 Internacional,Grêmio,0,0,, 0 x 1 ,Internacional,1,1,,,,1972_CIT,Citadino Porto Alegre,Olímpico,,Arlen (I),,,
206,06/08/1972,Grêmio 0 x 1 Internacional,Grêmio,0,0,, 0 x 1 ,Internacional,1,1,,,,1972_RS,Campeonato Gaúcho,Olímpico,,Claudiomiro (I),,,
205,21/05/1972,Internacional 2 x 2 Grêmio,Internacional,2,2,, 2 x 2 ,Grêmio,2,2,,,,1972_RS,Campeonato Gaúcho,Beira-Rio,,"Pontes-contra (G), Mazinho (G), Pontes (I), Figueroa (I)",,,
204,26/03/1972,Internacional 0 x 0 Grêmio,Internacional,0,0,, 0 x 0 ,Grêmio,0,0,,,,AMISTOSO,Amistoso,Beira-Rio,,,Inter 5x4 – penaltis – 200 anos de Porto Alegre,,
203,05/03/1972,Grêmio 1 x 1 Internacional,Grêmio,1,1,, 1 x 1 ,Internacional,1,1,,,,AMISTOSO,Amistoso,Olímpico,,"Claudiomiro (I), Ancheta (G)",,,
202,02/03/1972,Internacional 1 x 1 Grêmio,Internacional,1,1,, 1 x 1 ,Grêmio,1,1,,,,AMISTOSO,Amistoso,Beira-Rio,,"Caio (G), Ancheta-contra (I)",Estréia de Volmir no Inter,,
201,17/10/1971,Internacional 1 x 0 Grêmio,Internacional,1,1,, 1 x 0 ,Grêmio,0,0,,,,1971_BR,Campeonato Brasileiro,Beira-Rio,,Sérgio (I),,,
200,04/08/1971,Internacional 1 x 3 Grêmio,Internacional,1,1,, 1 x 3 ,Grêmio,3,3,,,,1971_RS,Campeonato Gaúcho,Beira-Rio,,"Caio (G), Everaldo-contra (I), Scota (G), Caio (G)",,,
199,27/06/1971,Grêmio 0 x 0 Internacional,Grêmio,0,0,, 0 x 0 ,Internacional,0,0,,,,1971_RS,Campeonato Gaúcho,Olímpico,,,,,
198,30/05/1971,Internacional 1 x 1 Grêmio,Internacional,1,1,, 1 x 1 ,Grêmio,1,1,,,,1971_RS,Campeonato Gaúcho,Beira-Rio,,"Loivo (G), Canhoto (I)",,,
197,24/03/1971,Internacional 0 x 2 Grêmio,Internacional,0,0,, 0 x 2 ,Grêmio,2,2,,,,AMISTOSO,Amistoso,Beira-Rio,,"Gaspar (G), Flecha (G)",Torneio Internacional,,
196,28/10/1970,Grêmio 0 x 0 Internacional,Grêmio,0,0,, 0 x 0 ,Internacional,0,0,,,33795,1970_RGP,Roberto Gomes Pedrosa,Olímpico,,,,,
195,20/09/1970,Grêmio 1 x 2 Internacional,Grêmio,1,1,, 1 x 2 ,Internacional,2,2,,,,1970_RS,Campeonato Gaúcho,Olímpico,,"Loivo (G), Valdomiro (I), Edson Madureira (I)",,,
194,09/08/1970,Internacional 0 x 0 Grêmio,Internacional,0,0,, 0 x 0 ,Grêmio,0,0,,,,1970_RS,Campeonato Gaúcho,Beira-Rio,,,,,
193,09/05/1970,Grêmio 0 x 0 Internacional,Grêmio,0,0,, 0 x 0 ,Internacional,0,0,,,,AMISTOSO,Amistoso,Olímpico,,,Re-Inauguração dos refletores do Olímpico,,
192,21/12/1969,Internacional 0 x 0 Grêmio,Internacional,0,0,, 0 x 0 ,Grêmio,0,0,,,,1969_RS,Campeonato Gaúcho,Beira-Rio,,,Inter campeão 1969 – Ibsen Pinheiro invadiu o gramado para reclamar do juiz,,
191,21/09/1969,Internacional 1 x 0 Grêmio,Internacional,1,1,, 1 x 0 ,Grêmio,0,0,,,,1969_RGP,Roberto Gomes Pedrosa,Beira-Rio,,Sérgio (I),,,
190,22/06/1969,Grêmio 0 x 0 Internacional,Grêmio,0,0,, 0 x 0 ,Internacional,0,0,,,,1969_RS,Campeonato Gaúcho,Olímpico,,,,,
189,20/04/1969,Internacional 0 x 0 Grêmio,Internacional,0,0,, 0 x 0 ,Grêmio,0,0,,,,AMISTOSO,Amistoso,Beira-Rio,,,"1o. Gre-Nal Beira-Rio, grande briga e diversas expulsões",,
188,24/11/1968,Grêmio 0 x 0 Internacional,Grêmio,0,0,, 0 x 0 ,Internacional,0,0,,,23377,1968_RGP,Roberto Gomes Pedrosa,Olímpico,,,,,
187,02/06/1968,Grêmio 4 x 0 Internacional,Grêmio,4,4,, 4 x 0 ,Internacional,0,0,,,,1968_RS,Campeonato Gaúcho,Olímpico,,"Alcindo (G), Alcindo (G), Joãozinho (G), Volmir (G)",,,
186,12/05/1968,Internacional 1 x 1 Grêmio,Internacional,1,1,, 1 x 1 ,Grêmio,1,1,,,,1968_RS,Campeonato Gaúcho,Eucaliptos,,"Valdomiro (I), Alcindo (G)",Último Gre-Nal Eucaliptos,,
185,17/12/1967,Internacional 1 x 0 Grêmio,Internacional,1,1,, 1 x 0 ,Grêmio,0,0,,,,1967_RS,Campeonato Gaúcho,Eucaliptos,,Dorinho (I),,,
184,16/09/1967,Grêmio 0 x 1 Internacional,Grêmio,0,0,, 0 x 1 ,Internacional,1,1,,,,1967_RS,Campeonato Gaúcho,Olímpico,,Claudiomiro (I),,,
183,04/06/1967,Grêmio 0 x 0 Internacional,Grêmio,0,0,, 0 x 0 ,Internacional,0,0,,,27153,1967_RGP,Roberto Gomes Pedrosa,Olímpico,,,,,
182,24/05/1967,Grêmio 1 x 1 Internacional,Grêmio,1,1,, 1 x 1 ,Internacional,1,1,,,32000,1967_RGP,Roberto Gomes Pedrosa,Olímpico,,"Cléo (G), Joaquim (I)",,,
181,05/03/1967,Grêmio 0 x 2 Internacional,Grêmio,0,0,, 0 x 2 ,Internacional,2,2,,,33700,1967_RGP,Roberto Gomes Pedrosa,Olímpico,,"Bráulio (I), Carlinhos (I)",,Segunda rodada do turno final,https://www.gremiopedia.com/wiki/Arquivo:1967.05.24_-_Campeonato_Brasileiro_-_Gr%C3%AAmio_1_x_1_Internacional_-_Di%C3%A1rio_de_Not%C3%ADcias_-_01.JPG
180,17/02/1966,Grêmio 0 x 1 Internacional,Grêmio,0,0,, 0 x 1 ,Internacional,1,1,,,,1966_RS,Campeonato Gaúcho,Olímpico,,Dorinho (I),,,
179,02/10/1966,Internacional 0 x 1 Grêmio,Internacional,0,0,, 0 x 1 ,Grêmio,1,1,,,,1966_RS,Campeonato Gaúcho,Eucaliptos,,Alcindo (G),,,
178,12/12/1965,Internacional 0 x 1 Grêmio,Internacional,0,0,, 0 x 1 ,Grêmio,1,1,,,,1965_RS,Campeonato Gaúcho,Eucaliptos,,Alcindo (G),,,
177,29/08/1965,Grêmio 2 x 1 Internacional,Grêmio,2,2,, 2 x 1 ,Internacional,1,1,,,,1965_RS,Campeonato Gaúcho,Olímpico,,"Joãozinho (G), Alcindo (G), David (I)",,,
176,21/03/1965,Grêmio 0 x 0 Internacional,Grêmio,0,0,, 0 x 0 ,Internacional,0,0,,,,AMISTOSO,Amistoso,Baixada Rubra – Caxias do Sul,,,Copa Festa da Uva,,
175,10/12/1964,Grêmio 1 x 2 Internacional,Grêmio,1,1,, 1 x 2 ,Internacional,2,2,,,,AMISTOSO,Amistoso,Olímpico,,"Edmilson (I), Dorinho (I), Aureo (G)",,,
174,21/11/1964,Internacional 1 x 0 Grêmio,Internacional,1,1,, 1 x 0 ,Grêmio,0,0,,,,AMISTOSO,Amistoso,Eucaliptos,,Sapiranga (I),Torneio Quadrangular,,
173,01/11/1964,Grêmio 3 x 0 Internacional,Grêmio,3,3,, 3 x 0 ,Internacional,0,0,,,,1964_RS,Campeonato Gaúcho,Olímpico,,"Alcindo (G), Alcindo (G), Joãozinho (G)",Grêmio tricampeão 1964,,
172,20/08/1964,Grêmio 0 x 2 Internacional,Grêmio,0,0,, 0 x 2 ,Internacional,2,2,,,,AMISTOSO,Amistoso,Olímpico,,"Croaré (I), Dorinho (I)",Dia do Cronista,,
171,26/07/1964,Internacional 0 x 0 Grêmio,Internacional,0,0,, 0 x 0 ,Grêmio,0,0,,,,1964_RS,Campeonato Gaúcho,Eucaliptos,,,,,
170,23/04/1964,Grêmio 3 x 0 Internacional,Grêmio,3,3,, 3 x 0 ,Internacional,0,0,,,,AMISTOSO,Amistoso,Olímpico,,"Alcindo (G), Alcindo (G), Alcindo (G)",,,
169,19/04/1964,Internacional 1 x 0 Grêmio,Internacional,1,1,, 1 x 0 ,Grêmio,0,0,,,,AMISTOSO,Amistoso,Santa Cruz,,Vanderlei (I),,,
168,14/12/1963,Grêmio 1 x 0 Internacional,Grêmio,1,1,, 1 x 0 ,Internacional,0,0,,,,1963_RS,Campeonato Gaúcho,Olímpico,,Carlos Alberto-contra (G),,,
167,29/09/1963,Internacional 0 x 1 Grêmio,Internacional,0,0,, 0 x 1 ,Grêmio,1,1,,,,1963_RS,Campeonato Gaúcho,Eucaliptos,,Marino (G),,,
166,01/05/1963,Grêmio 4 x 1 Internacional,Grêmio,4,4,, 4 x 1 ,Internacional,1,1,,,,AMISTOSO,Amistoso,Olímpico,,"Marino (G), Marino (G), Marino (G), Marino (G), Paulo Araújo (I)",,,
165,14/04/1963,Internacional 2 x 1 Grêmio,Internacional,2,2,, 2 x 1 ,Grêmio,1,1,,,,AMISTOSO,Amistoso,Eucaliptos,,"Flávio (I), Flávio (I), Marino (G)",,,
164,07/02/1963,Grêmio 4 x 2 Internacional,Grêmio,4,4,, 4 x 2 ,Internacional,2,2,,,,1963_RS,Campeonato Gaúcho,Olímpico,,"Ivo Diogo (G), Ivo Diogo (G), Joãozinho (G), Vieira (G), Flávio (I), Soligo (I)",Grêmio campeão 1962,,
163,16/12/1962,Internacional 0 x 2 Grêmio,Internacional,0,0,, 0 x 2 ,Grêmio,2,2,,,,1962_RS,Campeonato Gaúcho,Eucaliptos,,"Marino (G), Marino (G)",,,
162,09/09/1962,Grêmio 1 x 1 Internacional,Grêmio,1,1,, 1 x 1 ,Internacional,1,1,,,,AMISTOSO,Amistoso,Olímpico,,"Milton Kuelle (G), Zangão (I)",Dia do Cronista,,
161,07/09/1962,Grêmio 2 x 1 Internacional,Grêmio,2,2,, 2 x 1 ,Internacional,1,1,,,,AMISTOSO,Amistoso,Rio Grande,,"Élton (G), Marino (G), Flávio (I)",Taça Ipiranga – Primeiro Gre-Nal fora de Porto Alegre,,
160,12/08/1962,Grêmio 0 x 0 Internacional,Grêmio,0,0,, 0 x 0 ,Internacional,0,0,,,,1962_RS,Campeonato Gaúcho,Olímpico,,,,,
159,18/03/1962,Internacional 1 x 2 Grêmio,Internacional,1,1,, 1 x 2 ,Grêmio,2,2,,,,1962_CSB,Copa Sul-Brasileira – Torneio da Legalidade,Eucaliptos,,"Joãozinho (G), Vieira (G), Sapiranga (I)",,,
158,16/02/1962,Grêmio 1 x 1 Internacional,Grêmio,1,1,, 1 x 1 ,Internacional,1,1,,,,1962_CSB,Copa Sul-Brasileira – Torneio da Legalidade,Olímpico,,"Élton (G), Sérgio Lopes (I)",,,
157,10/12/1961,Internacional 2 x 3 Grêmio,Internacional,2,2,, 2 x 3 ,Grêmio,3,3,,,,1961_RS,Campeonato Gaúcho,Eucaliptos,,"Alfeu (I), Alfeu (I), Nadir (G), Marino (G), Juarez (G)",,,
156,10/09/1961,Grêmio 1 x 2 Internacional,Grêmio,1,1,, 1 x 2 ,Internacional,2,2,,,,1961_RS,Campeonato Gaúcho,Olímpico,,"Gilberto Andrade (I), Alfeu (I), Paulo Lumumba (G)",,,
155,23/12/1960,Grêmio 1 x 2 Internacional,Grêmio,1,1,, 1 x 2 ,Internacional,2,2,,,,1960_CIT,Citadino Porto Alegre – Divisão de Honra,Olímpico,,"Ivo Diogo (I), Alfeu (I), Cardoso (G)",,,
154,20/11/1960,Grêmio 1 x 1 Internacional,Grêmio,1,1,, 1 x 1 ,Internacional,1,1,,,,1960_CIT,Citadino Porto Alegre – Divisão de Honra,Olímpico,,"Juarez (G), Deraldo (I)",,,
153,21/08/1960,Internacional 1 x 5 Grêmio,Internacional,1,1,, 1 x 5 ,Grêmio,5,5,,,,1960_CIT,Citadino Porto Alegre – Divisão de Honra,Eucaliptos,,"Juarez (G), Juarez (G), Juarez (G), Gessy (G), Vieira (G), Ivo Diogo (I)",,,
152,21/04/1960,Internacional 0 x 3 Grêmio,Internacional,0,0,, 0 x 3 ,Grêmio,3,3,,,,AMISTOSO,Amistoso,Eucaliptos,,"Milton Kuelle (G), Milton Kuelle (G), Élton (G)",Inauguração de Brasilia,,
151,05/01/1960,Grêmio 2 x 3 Internacional,Grêmio,2,2,, 2 x 3 ,Internacional,3,3,,,,1960_CIT,Citadino Porto Alegre – Divisão de Honra,Olímpico,,"Ivo Diogo (I), Alfeu (I), Alfeu (I), Gessy (G), Juarez (G)",,,
150,29/11/1959,Grêmio 4 x 1 Internacional,Grêmio,4,4,, 4 x 1 ,Internacional,1,1,,,,1959_CIT,Citadino Porto Alegre – Divisão de Honra,Olímpico,,"Milton Kuelle (G), Élton (G), Élton (G), Gessy (G), Deraldo (I)",,,
149,16/08/1959,Internacional 1 x 2 Grêmio,Internacional,1,1,, 1 x 2 ,Grêmio,2,2,,,,1959_CIT,Citadino Porto Alegre – Divisão de Honra,Eucaliptos,,"Juarez (G), Juarez (G), Ivo Diogo (I)",,,
148,26/04/1959,Internacional 1 x 2 Grêmio,Internacional,1,1,, 1 x 2 ,Grêmio,2,2,,,,AMISTOSO,Amistoso,Eucaliptos,,"Gessy (G), Gessy (G), Cacaio (I)",50 anos do Inter,,
147,05/02/1959,Grêmio 2 x 2 Internacional,Grêmio,2,2,, 2 x 2 ,Internacional,2,2,,,,1959_CIT,Citadino Porto Alegre – Divisão de Honra,Olímpico,,"Giovani (G), Juarez (G), Tati (I), Canhotinho (I)",,,
146,21/12/1958,Grêmio 0 x 1 Internacional,Grêmio,0,0,, 0 x 1 ,Internacional,1,1,,,,1958_CIT,Citadino Porto Alegre – Divisão de Honra,Olímpico,,Orlando-contra (I),,,
145,17/08/1958,Internacional 1 x 2 Grêmio,Internacional,1,1,, 1 x 2 ,Grêmio,2,2,,,,1958_CIT,Citadino Porto Alegre – Divisão de Honra,Eucaliptos,,"Bodinho (I), Vieira (G), Gessy (G)",,,
144,23/12/1957,Grêmio 1 x 2 Internacional,Grêmio,1,1,, 1 x 2 ,Internacional,2,2,,,,1957_CIT,Citadino Porto Alegre – Divisão de Honra,Olímpico,,"Larry (I), Ivo Diogo (I), Juarez (G)",,,
143,01/12/1957,Grêmio 5 x 3 Internacional,Grêmio,5,5,, 5 x 3 ,Internacional,3,3,,,,1957_CIT,Citadino Porto Alegre – Divisão de Honra,Olímpico,,"Gessy (G), Gessy (G), Gessy (G), Vieira (G), Oswaldo (G), Airton-contra (I), Luizinho (I), Bodinho (I)",,,
142,28/07/1957,Internacional 1 x 1 Grêmio,Internacional,1,1,, 1 x 1 ,Grêmio,1,1,,,,1957_CIT,Citadino Porto Alegre – Divisão de Honra,Eucaliptos,,"Milton Kuelle (G), Ivo Diogo (I)",,,
141,12/12/1956,Internacional 1 x 0 Grêmio,Internacional,1,1,, 1 x 0 ,Grêmio,0,0,,,,1956_CIT,Citadino Porto Alegre – Divisão de Honra,Eucaliptos,,Ivo Diogo (I),,,
140,02/09/1956,Grêmio 2 x 1 Internacional,Grêmio,2,2,, 2 x 1 ,Internacional,1,1,,,,1956_CIT,Citadino Porto Alegre – Divisão de Honra,Olímpico,,"Hercílio (G), Larry (I), Juarez (G)",Público: 36.059,,
139,06/11/1955,Internacional 3 x 1 Grêmio,Internacional,3,3,, 3 x 1 ,Grêmio,1,1,,,,1955_CIT,Citadino Porto Alegre – Divisão de Honra,Eucaliptos,,"Jerônimo (I), Bodinho (I), Lindoberto-contra (G), Bodinho (I)",Inter campeão 1955,,
138,24/07/1955,Grêmio 2 x 1 Internacional,Grêmio,2,2,, 2 x 1 ,Internacional,1,1,,,,1955_CIT,Citadino Porto Alegre – Divisão de Honra,Olímpico,,"Zunino (G), Milton (G), Chinesinho (I)",,,
137,09/01/1955,Internacional 2 x 1 Grêmio,Internacional,2,2,, 2 x 1 ,Grêmio,1,1,,,,AMISTOSO,Amistoso,Eucaliptos,,"Larry (I), Bodinho (I), Chico Preto (G)",,,
136,31/10/1954,Grêmio 1 x 1 Internacional,Grêmio,1,1,, 1 x 1 ,Internacional,1,1,,,,1954_CIT,Citadino Porto Alegre – Divisão de Honra,Olímpico,,"Zunino (G), Bodinho (I)",,,
135,26/09/1954,Grêmio 2 x 6 Internacional,Grêmio,2,2,, 2 x 6 ,Internacional,6,6,,,,AMISTOSO,Amistoso,Olímpico,,"Jerônimo (I), Larry (I), Sarará (G), Larry (I), Canhotinho (I), Larry (I), Larry (I), Zunino (G)",Inauguração Olímpico,,
134,25/07/1954,Grêmio 0 x 4 Internacional,Grêmio,0,0,, 0 x 4 ,Internacional,4,4,,,,1954_CIT,Citadino Porto Alegre – Divisão de Honra,Montanha,,"Larry (I), Larry (I), Oreco (I), Luizinho (I)",,,
133,18/07/1954,Internacional 3 x 1 Grêmio,Internacional,3,3,, 3 x 1 ,Grêmio,1,1,,,,AMISTOSO,Amistoso,Eucaliptos,,"Bodinho (I), Bodinho (I), Larry (I), Itamar (G)",Estréia de Larry,,
132,11/02/1954,Grêmio 2 x 3 Internacional,Grêmio,2,2,, 2 x 3 ,Internacional,3,3,,,,AMISTOSO,Amistoso,Montanha,,"Airton (I), Airton (I), Airton (I), Vitor (G), Torres (G)",,,
131,01/11/1953,Grêmio 0 x 2 Internacional,Grêmio,0,0,, 0 x 2 ,Internacional,2,2,,,,1953_CIT,Citadino Porto Alegre,Baixada,,"Jerônimo (I), Canhotinho (I)",,,
130,05/07/1953,Internacional 1 x 1 Grêmio,Internacional,1,1,, 1 x 1 ,Grêmio,1,1,,,,1953_CIT,Citadino Porto Alegre,Eucaliptos,,"Torres (G), Bodinho (I)",,,
129,07/12/1952,Internacional 5 x 1 Grêmio,Internacional,5,5,, 5 x 1 ,Grêmio,1,1,,,,1952_CIT,Citadino Porto Alegre,Eucaliptos,,"Jerônimo (I), Jerônimo (I), Salvador (I), Bodinho (I), Luizinho (I), Sarará (G)",,,
128,12/10/1952,Grêmio 0 x 0 Internacional,Grêmio,0,0,, 0 x 0 ,Internacional,0,0,,,,1952_CIT,Citadino Porto Alegre,Baixada,,,,,
127,17/08/1952,Grêmio 1 x 1 Internacional,Grêmio,1,1,, 1 x 1 ,Internacional,1,1,,,,AMISTOSO,Amistoso,Tiradentes,,"Pedrinho (G), Bodinho (I)",,,
126,13/07/1952,Grêmio 2 x 1 Internacional,Grêmio,2,2,, 2 x 1 ,Internacional,1,1,,,,AMISTOSO,Amistoso,Baixada,,"Gita (G), Camacho (G), Camargo (I)",Estréia de Tesourinha no Grêmio,,
125,08/12/1952,Internacional 1 x 1 Grêmio,Internacional,1,1,, 1 x 1 ,Grêmio,1,1,,,,AMISTOSO,Amistoso,Eucaliptos,,"Camacho (G), Huguinho (I)",,,
124,02/12/1951,Internacional 2 x 2 Grêmio,Internacional,2,2,, 2 x 2 ,Grêmio,2,2,,,,1951_CIT,Citadino Porto Alegre,Eucaliptos,,"Ferraz (G), Ferraz (G), Solis (I), Huguinho (I)",,,
123,26/08/1951,Grêmio 1 x 1 Internacional,Grêmio,1,1,, 1 x 1 ,Internacional,1,1,,,,1951_CIT,Citadino Porto Alegre,Baixada,,"Ferraz (G), Huguinho (I)",,,
122,20/06/1951,Internacional 1 x 2 Grêmio,Internacional,1,1,, 1 x 2 ,Grêmio,2,2,,,,AMISTOSO,Amistoso,Eucaliptos,,"Geada (G), Apis (G), Canhotinho (I)",,,
121,27/05/1951,Grêmio 0 x 0 Internacional,Grêmio,0,0,, 0 x 0 ,Internacional,0,0,,,,AMISTOSO,Amistoso,Baixada,,,Último clássico de Carlitos,,
120,03/01/1951,Grêmio 0 x 3 Internacional,Grêmio,0,0,, 0 x 3 ,Internacional,3,3,,,,AMISTOSO,Amistoso,Montanha,,"Solis (I), Carlitos (I), Carlitos (I)",,,
119,30/12/1950,Grêmio 0 x 1 Internacional,Grêmio,0,0,, 0 x 1 ,Internacional,1,1,,,,1950_CIT,Citadino Porto Alegre,Montanha,,Adãozinho (I),,,
118,27/12/1950,Grêmio 3 x 4 Internacional,Grêmio,3,3,, 3 x 4 ,Internacional,4,4,,,,1950_CIT,Citadino Porto Alegre,Montanha,,"Carlitos (I), Carlitos (I), Solis (I), Solis (I), Ariovaldo (G), Dirceu (G), Apis (G)",,,
117,24/12/1950,Grêmio 0 x 0 Internacional,Grêmio,0,0,, 0 x 0 ,Internacional,0,0,,,,1950_CIT,Citadino Porto Alegre,Baixada,,,,,
116,28/10/1950,Internacional 0 x 0 Grêmio,Internacional,0,0,, 0 x 0 ,Grêmio,0,0,,,,1950_CIT,Citadino Porto Alegre,Eucaliptos,,,,,
115,27/08/1950,Grêmio 0 x 1 Internacional,Grêmio,0,0,, 0 x 1 ,Internacional,1,1,,,,AMISTOSO,Amistoso,Montanha,,Herculano (I),Torneio Extra,,
114,25/06/1950,Internacional 0 x 1 Grêmio,Internacional,0,0,, 0 x 1 ,Grêmio,1,1,,,,AMISTOSO,Amistoso,Eucaliptos,,Ariovaldo (G),,,
113,01/04/1950,Grêmio 1 x 1 Internacional,Grêmio,1,1,, 1 x 1 ,Internacional,1,1,,,,AMISTOSO,Amistoso,Timbaúva,,"Apis (G), Ghizoni (I)",,,
112,23/03/1950,Grêmio 3 x 0 Internacional,Grêmio,3,3,, 3 x 0 ,Internacional,0,0,,,,AMISTOSO,Amistoso,Tiradentes,,"Sano (G), Sano (G), Balejo (G)",,,
111,14/03/1950,Internacional 2 x 0 Grêmio,Internacional,2,2,, 2 x 0 ,Grêmio,0,0,,,,AMISTOSO,Amistoso,Tiradentes,,"Alberi (I), Ghizoni (I)",,,
110,30/10/1949,Internacional 0 x 1 Grêmio,Internacional,0,0,, 0 x 1 ,Grêmio,1,1,,,,1949_CIT,Citadino Porto Alegre,Eucaliptos,,Geada (G),Despedida de Tesourinha,,
109,07/09/1949,Grêmio 0 x 2 Internacional,Grêmio,0,0,, 0 x 2 ,Internacional,2,2,,,,AMISTOSO,Amistoso,Montanha,,"Vilalba (I), Adãozinho (I)",Dia do Foot-ball,,
108,28/08/1949,Grêmio 1 x 1 Internacional,Grêmio,1,1,, 1 x 1 ,Internacional,1,1,,,,1949_CIT,Citadino Porto Alegre,Baixada,,"Teotônio (G), Carlitos (I)",,,
107,29/05/1949,Grêmio 2 x 4 Internacional,Grêmio,2,2,, 2 x 4 ,Internacional,4,4,,,,AMISTOSO,Amistoso,Timbaúva,,"Vilalba (I), Vilalba (I), Carlitos (I), Tesourinha (I), Ariovaldo (G), Geada (G)",,,
106,01/05/1949,Grêmio 2 x 2 Internacional,Grêmio,2,2,, 2 x 2 ,Internacional,2,2,,,,AMISTOSO,Amistoso,Montanha,,"Geada (G), Ariovaldo (G), Adãozinho (I), Adãozinho (I)",,,
105,14/12/1948,Internacional 2 x 0 Grêmio,Internacional,2,2,, 2 x 0 ,Grêmio,0,0,,,,AMISTOSO,Amistoso,Eucaliptos,,"Ghizoni (I), Ghizoni (I)",Associação dos Cronistas Esportivos – Taça Porto Alegre,,
104,17/09/1948,Grêmio 0 x 7 Internacional,Grêmio,0,0,, 0 x 7 ,Internacional,7,7,,,,1948_CIT,Citadino Porto Alegre,Baixada,,"Vilalba (I), Vilalba (I), Vilalba (I), Vilalba (I), Carlitos (I), Carlitos (I), Roberto (I)",Maior goleada do Inter,,
103,22/08/1948,Internacional 3 x 2 Grêmio,Internacional,3,3,, 3 x 2 ,Grêmio,2,2,,,,1948_CIT,Citadino Porto Alegre,Eucaliptos,,"Elizeu (I), Leônidas (I), Adãozinho (I), Hermes (G), Teotônio (G)",*,,
102,18/07/1948,Grêmio 2 x 6 Internacional,Grêmio,2,2,, 2 x 6 ,Internacional,6,6,,,,AMISTOSO,Amistoso,Montanha,,"Carlitos (I), Carlitos (I), Carlitos (I), Vilalba (I), Tesourinha (I), Rebolo (I), Teotônio (G), Prego (G)",,,
101,20/06/1948,Grêmio 1 x 1 Internacional,Grêmio,1,1,, 1 x 1 ,Internacional,1,1,,,,AMISTOSO,Amistoso,Montanha,,"Teotônio (G), Adãozinho (I)",,,
100,30/05/1948,Grêmio 0 x 0 Internacional,Grêmio,0,0,, 0 x 0 ,Internacional,0,0,,,,AMISTOSO,Amistoso,Timbaúva,,,1o. Gre-Nal 0x0,,
99,23/11/1947,Grêmio 2 x 2 Internacional,Grêmio,2,2,, 2 x 2 ,Internacional,2,2,,,,1947_CIT,Citadino Porto Alegre,Timbaúva,,"Beroci (G), Prego (G), Adãozinho (I), Fandinho (I)",,,
98,26/10/1947,Grêmio 0 x 3 Internacional,Grêmio,0,0,, 0 x 3 ,Internacional,3,3,,,,AMISTOSO,Amistoso,Timbaúva,,"Carlitos (I), Carlitos (I), Adãozinho (I)",,,
97,05/10/1947,Grêmio 1 x 2 Internacional,Grêmio,1,1,, 1 x 2 ,Internacional,2,2,,,,1947_CIT,Citadino Porto Alegre,Baixada,,"Vilalba (I), Carlitos (I), Nena-contra (G)",,,
96,10/08/1947,Grêmio 1 x 2 Internacional,Grêmio,1,1,, 1 x 2 ,Internacional,2,2,,,,AMISTOSO,Amistoso,Timbaúva,,"Carlitos (I), Vilalba (I), Massinha (G)",,,
95,20/07/1947,Internacional 3 x 0 Grêmio,Internacional,3,3,, 3 x 0 ,Grêmio,0,0,,,,1947_CIT,Citadino Porto Alegre,Eucaliptos,,"Sanghinetti-contra (I), Adãozinho (I), Vilalba (I)",,,
94,01/05/1947,Grêmio 0 x 4 Internacional,Grêmio,0,0,, 0 x 4 ,Internacional,4,4,,,,AMISTOSO,Amistoso,Timbaúva,,"Joni-contra (I), Tesourinha (I), Vilalba (I), Adãozinho (I)",Torneio Extra,,
93,15/09/1946,Internacional 1 x 2 Grêmio,Internacional,1,1,, 1 x 2 ,Grêmio,2,2,,,,1946_CIT,Citadino Porto Alegre,Eucaliptos,,"Cordeiro (G), Cordeiro (G), Carlitos (I)",,,
92,14/07/1946,Grêmio 0 x 1 Internacional,Grêmio,0,0,, 0 x 1 ,Internacional,1,1,,,,1946_CIT,Citadino Porto Alegre,Baixada,,Carlitos (I),,,
91,23/06/1946,Grêmio 4 x 3 Internacional,Grêmio,4,4,, 4 x 3 ,Internacional,3,3,,,,AMISTOSO,Amistoso,Timbaúva,,"Beresi (G), Jorge (G), Jorge (G), Bentevi (G), Adãozinho (I), Elizeu (I), Elizeu (I)",,,
90,05/05/1946,Grêmio 0 x 1 Internacional,Grêmio,0,0,, 0 x 1 ,Internacional,1,1,,,,AMISTOSO,Amistoso,Timbaúva,,Carlitos (I),,,
89,30/09/1945,Internacional 4 x 2 Grêmio,Internacional,4,4,, 4 x 2 ,Grêmio,2,2,,,,1945_CIT,Citadino Porto Alegre,São José,,"Ivo Aguiar (I), Hugo-contra (I), Tesourinha (I), Carlitos (I), Sanghinetti (G), Massinha (G)",Inter ultrapassa Grêmio em vitórias,,
88,24/06/1945,Grêmio 1 x 4 Internacional,Grêmio,1,1,, 1 x 4 ,Internacional,4,4,,,,1945_CIT,Citadino Porto Alegre,Baixada,,"Carlitos (I), Tesourinha (I), Adãozinho (I), Adãozinho (I), Segura (G)",Inter ultrapassa Grêmio em gols,,
87,08/04/1945,Internacional 3 x 2 Grêmio,Internacional,3,3,, 3 x 2 ,Grêmio,2,2,,,,1945_CIT,Citadino Porto Alegre,Eucaliptos,,"Carlitos (I), Elizeu (I), Tesourinha (I), Bentevi (G), Mário (G)",,,
86,23/02/1945,Grêmio 1 x 1 Internacional,Grêmio,1,1,, 1 x 1 ,Internacional,1,1,,,,AMISTOSO,Amistoso,Montanha,,"Bombachudo (G), Adãozinho (I)",,,
85,09/02/1945,Grêmio 0 x 2 Internacional,Grêmio,0,0,, 0 x 2 ,Internacional,2,2,,,,AMISTOSO,Amistoso,Montanha,,"Adãozinho (I), xinxim (I)",,,
84,08/10/1944,Grêmio 1 x 2 Internacional,Grêmio,1,1,, 1 x 2 ,Internacional,2,2,,,,1944_CIT,Citadino Porto Alegre,Timbaúva,,"Carlitos (I), Volpi (I), Ramon Castro (G)",Inter pentacampeão citadino 1944,,
83,13/08/1944,Grêmio 4 x 3 Internacional,Grêmio,4,4,, 4 x 3 ,Internacional,3,3,,,,1944_CIT,Citadino Porto Alegre,Baixada,,"Ramon Castro (G), Ramon Castro (G), Bentevi (G), Mário (G), Elizeu (I), Rui (I), Adãozinho (I)",,,
82,28/05/1944,Grêmio 3 x 7 Internacional,Grêmio,3,3,, 3 x 7 ,Internacional,7,7,,,,AMISTOSO,Amistoso,Baixada,,"Volpi (I), Volpi (I), Volpi (I), Rui (I), Rui (I), Tesourinha (I), Assis (I), Bentevi (G), Vinícius (G), Ivo (G)",Inauguração nova bandeira do Grêmio,,
81,30/04/1944,Internacional 4 x 2 Grêmio,Internacional,4,4,, 4 x 2 ,Grêmio,2,2,,,,1944_CIT,Citadino Porto Alegre,Eucaliptos,,"Tesourinha (I), Carlitos (I), Rui (I), Assis (I), Ivo (G), Sanghinetti (G)",,,
80,13/02/1944,Internacional 3 x 2 Grêmio,Internacional,3,3,, 3 x 2 ,Grêmio,2,2,,,,AMISTOSO,Amistoso,Eucaliptos,,"Perez (I), Perez (I), Rui (I), Tonguinha (G), Mário (G)",,,
79,19/09/1943,Grêmio 0 x 1 Internacional,Grêmio,0,0,, 0 x 1 ,Internacional,1,1,,,,1943_CIT,Citadino Porto Alegre,Baixada,,Rui (I),,,
78,11/07/1943,Internacional 3 x 0 Grêmio,Internacional,3,3,, 3 x 0 ,Grêmio,0,0,,,,1943_CIT,Citadino Porto Alegre,Eucaliptos,,"Joane (I), Tesourinha (I), Ênio (I)",,,
77,06/06/1943,Grêmio 3 x 3 Internacional,Grêmio,3,3,, 3 x 3 ,Internacional,3,3,,,,1943_CIT,Citadino Porto Alegre,São José,,"Galdino (G), Galdino (G), Soares (G), Abigail (I), Carlitos (I), Vilalba (I)",,,
76,11/03/1943,Internacional 5 x 1 Grêmio,Internacional,5,5,, 5 x 1 ,Grêmio,1,1,,,,AMISTOSO,Amistoso,Eucaliptos,,"Tesourinha (I), Carlitos (I), Rui (I), Rui (I), Ezequial (I), Neco (G)",Torneio Triangular,,
75,28/02/1943,Grêmio 1 x 5 Internacional,Grêmio,1,1,, 1 x 5 ,Internacional,5,5,,,,AMISTOSO,Amistoso,Baixada,,"Carlitos (I), Carlitos (I), Rui (I), Vilalba (I), Tesourinha (I), Neco (G)",Torneio Triangula,,
74,30/08/1942,Internacional 4 x 2 Grêmio,Internacional,4,4,, 4 x 2 ,Grêmio,2,2,,,,1942_CIT,Citadino Porto Alegre,Eucaliptos,,"Vilalba (I), Carlitos (I), Carlitos (I), Tesourinha (I), Ivo (G), Malaquias (G)",,,
73,12/07/1942,Grêmio 2 x 4 Internacional,Grêmio,2,2,, 2 x 4 ,Internacional,4,4,,,,1942_CIT,Citadino Porto Alegre,Baixada,,"Russinho (I), Russinho (I), Vilalba (I), Carlitos (I), Medina (G), Chico (G)",,,
72,19/04/1942,Grêmio 1 x 1 Internacional,Grêmio,1,1,, 1 x 1 ,Internacional,1,1,,,,1942_CIT,Citadino Porto Alegre,Timbaúva,,"Chico (G), Carlitos (I)",,,
71,11/01/1942,Grêmio 1 x 1 Internacional,Grêmio,1,1,, 1 x 1 ,Internacional,1,1,,,,1942_CIT,Citadino Porto Alegre,Timbaúva,,"Malaquias (G), Vilalba (I)",,,
70,19/10/1941,Grêmio 2 x 1 Internacional,Grêmio,2,2,, 2 x 1 ,Internacional,1,1,,,,1941_CIT,Citadino Porto Alegre,Baixada,,"Malaquias (G), Ochotorena (G), Vilalba (I)",,,
69,17/08/1941,Internacional 3 x 0 Grêmio,Internacional,3,3,, 3 x 0 ,Grêmio,0,0,,,,1941_CIT,Citadino Porto Alegre,Eucaliptos,,"Carlitos (I), Vilalba (I), Vilalba (I)",,,
68,25/05/1941,Grêmio 2 x 3 Internacional,Grêmio,2,2,, 2 x 3 ,Internacional,3,3,,,,AMISTOSO,Amistoso,Timbaúva,,"Carlitos (I), Vilalba (I), Tesourinha (I), Foguinho (G), Foguinho (G)",,,
67,18/05/1941,Grêmio 2 x 2 Internacional,Grêmio,2,2,, 2 x 2 ,Internacional,2,2,,,,AMISTOSO,Amistoso,Timbaúva,,"Ivo (G), Malaquias (G), Carlitos (I), Rui (I)",,,
66,29/10/1940,Grêmio 3 x 4 Internacional,Grêmio,3,3,, 3 x 4 ,Internacional,4,4,,,,1940_CIT,Citadino Porto Alegre,Timbaúva,,"Tesourinha (I), Tesourinha (I), Russinho (I), Russinho (I), Mário (G), Mário (G), Cesar (G)",,,
65,07/07/1940,Internacional 2 x 5 Grêmio,Internacional,2,2,, 2 x 5 ,Grêmio,5,5,,,,1940_CIT,Citadino Porto Alegre,Eucaliptos,,"Foguinho (G), Foguinho (G), Malaquias (G), Cesar (G), Cesar (G), Marques (I), Marques (I)",,,
64,28/04/1940,Grêmio 2 x 3 Internacional,Grêmio,2,2,, 2 x 3 ,Internacional,3,3,,,,1940_CIT,Citadino Porto Alegre,Baixada,,"Rui (I), Russinho (I), Carlitos (I), Cesar (G), Cesar (G)",,,
63,13/02/1940,Internacional 2 x 4 Grêmio,Internacional,2,2,, 2 x 4 ,Grêmio,4,4,,,,1940_CIT,Citadino Porto Alegre,Eucaliptos,,"Salvador (G), Foguinho (G), Foguinho (G), Cesar (G), Acácio (I), Tesourinha (I)",,,
62,04/01/1940,Grêmio 1 x 6 Internacional,Grêmio,1,1,, 1 x 6 ,Internacional,6,6,,,,AMISTOSO,Amistoso,Baixada,,"Acácio (I), Acácio (I), Acácio (I), Tesourinha (I), Carlitos (I), Carlitos (I), Salvador (G)",,,
61,17/10/1939,Grêmio 1 x 2 Internacional,Grêmio,1,1,, 1 x 2 ,Internacional,2,2,,,,1939_CIT,Citadino Porto Alegre,Timbaúva,,"Rui (I) Mottim-contra (I), Pepito (G)",,,
60,08/10/1939,Internacional 2 x 3 Grêmio,Internacional,2,2,, 2 x 3 ,Grêmio,3,3,,,,1939_CIT,Citadino Porto Alegre,Eucaliptos,,"Cesar (G), Alfeu-contra (G), Vanário (G), Carlitos (I), Carlitos (I)",,,
59,13/08/1939,Internacional 5 x 2 Grêmio,Internacional,5,5,, 5 x 2 ,Grêmio,2,2,,,,AMISTOSO,Amistoso,Eucaliptos,,"Filhinho (I), Filhinho (I), Castilho (I), Russinho (I), Silvio Pirillo (I), Cesar (G), Salvador (G)",,,
58,20/07/1939,Grêmio 3 x 3 Internacional,Grêmio,3,3,, 3 x 3 ,Internacional,3,3,,,,AMISTOSO,Amistoso,Baixada,,"Mesquita (G), Pepito (G), Cesar (G), Brandão (I), Silvio Pirillo (I), Russinho (I)",,,
57,28/05/1939,Grêmio 2 x 3 Internacional,Grêmio,2,2,, 2 x 3 ,Internacional,3,3,,,,AMISTOSO,Amistoso,Timbaúva,,"Silvio Pirillo (I), Silvio Pirillo (I), Silvio Pirillo (I), César (G), Mesquita (G)",,,
56,02/04/1939,Grêmio 1 x 1 Internacional,Grêmio,1,1,, 1 x 1 ,Internacional,1,1,,,,AMISTOSO,Amistoso,Baixada,,"Pepito (G), Russinho (I)",,,
55,01/11/1938,Grêmio 0 x 6 Internacional,Grêmio,0,0,, 0 x 6 ,Internacional,6,6,,,,AMISTOSO,Amistoso,Timbaúva,,"Acácio (I), Acácio (I), Acácio (I), Silvio Pirillo (I), Filhinho (I), Miguel (I)",Taça Martel – 5 gols anulados do Inter – 2a. despedida de Luiz Carvalho,,
54,02/10/1938,Internacional 3 x 4 Grêmio,Internacional,3,3,, 3 x 4 ,Grêmio,4,4,,,,AMISTOSO,Amistoso,Eucaliptos,,"Luiz Carvalho (G), Foguinho (G), Mesquita (G), Casaca (G), Acácio (I), Silvio Pirillo (I), Miguel (I)",,,
53,06/06/1938,Grêmio 4 x 4 Internacional,Grêmio,4,4,, 4 x 4 ,Internacional,4,4,,,,AMISTOSO,Amistoso,Timbaúva,,"Luiz Carvalho (G), Casaca (G), Casaca (G), Vanário (G), Silvio Pirillo (I), Silvio Pirillo (I), Carlitos (I), Acácio (I)",Taça Martel – Estréia de Carlitos,,
52,08/05/1938,Internacional 1 x 3 Grêmio,Internacional,1,1,, 1 x 3 ,Grêmio,3,3,,,,1938_CIT,Citadino Porto Alegre,Eucaliptos,,"Luiz Carvalho (G), Luiz Carvalho (G), Vanário (G), Silvio Pirillo (I)",,,
51,12/12/1937,Internacional 3 x 4 Grêmio,Internacional,3,3,, 3 x 4 ,Grêmio,4,4,,,,1937_CIT,Citadino Porto Alegre,Eucaliptos,,"Vanário (G), Casaca (G), Alemãozinho (G), Laci (G), Castilho (I), Acácio (I), Salvador (I)",,,
50,21/11/1937,Grêmio 2 x 0 Internacional,Grêmio,2,2,, 2 x 0 ,Internacional,0,0,,,,AMISTOSO,Amistoso,Timbaúva,,"Casaca (G), Torelli (G)",,,
49,31/10/1937,Grêmio 2 x 1 Internacional,Grêmio,2,2,, 2 x 1 ,Internacional,1,1,,,,1937_CIT,Citadino Porto Alegre,Baixada,,"Alemãozinho (G), Alemãozinho (G), Acácio (I)",,,
48,01/11/1936,Grêmio 0 x 2 Internacional,Grêmio,0,0,, 0 x 2 ,Internacional,2,2,,,,1936_CIT,Citadino Porto Alegre,Eucaliptos,,"Salvador (I), Artigas (I)",,,
47,30/08/1936,Internacional 3 x 2 Grêmio,Internacional,3,3,, 3 x 2 ,Grêmio,2,2,,,,1936_CIT,Citadino Porto Alegre,Eucaliptos,,"Risada (I), Mancuso (I), Artigas (I), Russinho (G), Russinho (G)",,,
46,15/03/1936,Grêmio 1 x 1 Internacional,Grêmio,1,1,, 1 x 1 ,Internacional,1,1,,,,AMISTOSO,Amistoso,Timbaúva,,"Casaca (G), Castilhos (I)",,,
45,22/09/1935,Grêmio 2 x 0 Internacional,Grêmio,2,2,, 2 x 0 ,Internacional,0,0,,,,1935_CIT,Citadino Porto Alegre – Campeonato Farroupilha,Baixada,,"Foguinho (G), Laci (G)",Gre-Nal Farroupilha – Grêmio campeão citadino 1935 – Último jogo de Lara,,
44,28/07/1935,Internacional 1 x 1 Grêmio,Internacional,1,1,, 1 x 1 ,Grêmio,1,1,,,,1935_CIT,Citadino Porto Alegre,Eucaliptos,,"Castilho (G), Mancuso (I)",Gol do Avião,,
43,21/10/1934,Grêmio 1 x 2 Internacional,Grêmio,1,1,, 1 x 2 ,Internacional,2,2,,,,1934_CIT,Citadino Porto Alegre,Baixada,,"Tupan (I), Cavaco (I), Laci (G)",1a. despedida de Luiz Carvalho,,
42,24/06/1934,Internacional 4 x 3 Grêmio,Internacional,4,4,, 4 x 3 ,Grêmio,3,3,,,,1934_CIT,Citadino Porto Alegre,Eucaliptos,,"Risada (I), Mancuso (I), Tupan (I), Honório (I), Sardinha II (G), Sardinha II (G), Luiz Carvalho (G)",,,
41,13/08/1933,Grêmio 3 x 2 Internacional,Grêmio,3,3,, 3 x 2 ,Internacional,2,2,,,,1933_CIT,Citadino Porto Alegre,Baixada,,"Foguinho (G), Heitor (G), Alemãozinho (G), Risada (I), Venenoso (I)",,,
40,09/04/1933,Grêmio 5 x 3 Internacional,Grêmio,5,5,, 5 x 3 ,Internacional,3,3,,,,1933_CIT,Citadino Porto Alegre,Baixada,,"Luiz Carvalho (G), Luiz Carvalho (G), Nenê (G), Nenê (G), Artigas (G), Venenoso (I), Marreco (I), Tupan (I)",,,
39,30/10/1932,Internacional 0 x 1 Grêmio,Internacional,0,0,, 0 x 1 ,Grêmio,1,1,,,,1932_CIT,Citadino Porto Alegre,Eucaliptos,,Luiz Carvalho (G),,,
38,10/07/1932,Grêmio 2 x 0 Internacional,Grêmio,2,2,, 2 x 0 ,Internacional,0,0,,,,1932_CIT,Citadino Porto Alegre,Baixada,,"Artigas (G), Nenê (G)",,,
37,18/10/1931,Grêmio 2 x 1 Internacional,Grêmio,2,2,, 2 x 1 ,Internacional,1,1,,,,1931_CIT,Citadino Porto Alegre,Baixada,,"Artigas (G), Nenê (G), Magno (I)",,,
36,28/07/1931,Grêmio 2 x 0 Internacional,Grêmio,2,2,, 2 x 0 ,Internacional,0,0,,,,AMISTOSO,Amistoso,Baixada,,"Luiz Carvalho (G), Foguinho (G)",Inauguração dos refletores – primeiro jogo noturno,,
35,26/04/1931,Internacional 1 x 0 Grêmio,Internacional,1,1,, 1 x 0 ,Grêmio,0,0,,,,1931_CIT,Citadino Porto Alegre,Eucaliptos,,Ross (I),,,
34,15/03/1931,Internacional 3 x 0 Grêmio,Internacional,3,3,, 3 x 0 ,Grêmio,0,0,,,,AMISTOSO,Amistoso,Eucaliptos,,"Javel (I), Javel (I), Javel (I)",Inauguração Eucaliptos,,
33,14/09/1930,Grêmio 1 x 1 Internacional,Grêmio,1,1,, 1 x 1 ,Internacional,1,1,,,,1930_CIT,Citadino Porto Alegre,Chácara das Camélias,,"Javel (G), Miro (I)",,,
32,04/05/1930,Grêmio 3 x 1 Internacional,Grêmio,3,3,, 3 x 1 ,Internacional,1,1,,,,1930_CIT,Citadino Porto Alegre,Baixada,,"Luiz Carvalho (G), Javel (G), Foguinho (G), Risada (I)",,,
31,10/11/1929,Grêmio 2 x 1 Internacional,Grêmio,2,2,, 2 x 1 ,Internacional,1,1,,,,1929_CIT,Citadino Porto Alegre,Baixada,,"Miro-contra (G), Amâncio (G), Dario-contra (I)",,,
30,14/07/1929,Internacional 4 x 2 Grêmio,Internacional,4,4,, 4 x 2 ,Grêmio,2,2,,,,1929_CIT,Citadino Porto Alegre,Chácara dos Eucaliptos,,"Nenê (I), Ribeiro (I), Lourival (I), Lourival (I), Telêmaco (G), Corô (G)",,,
29,26/05/1929,Grêmio 2 x 1 Internacional,Grêmio,2,2,, 2 x 1 ,Internacional,1,1,,,,AMISTOSO,Amistoso,Baixada,,"Corô (G), Moreno-contra (G), Magno (I)",Torneio Reinvidicação,,
28,19/11/1928,Internacional 0 x 2 Grêmio,Internacional,0,0,, 0 x 2 ,Grêmio,2,2,,,,AMISTOSO,Amistoso,Chácara dos Eucaliptos,,"Telêmaco (G), Nenê (G)",,,
27,26/08/1928,Grêmio 2 x 2 Internacional,Grêmio,2,2,, 2 x 2 ,Internacional,2,2,,,,1928_CIT,Citadino Porto Alegre,Baixada,,"Telêmaco (G), Esperança (G), Ribeiro (I), Ramão (I)",,,
26,10/06/1928,Internacional 2 x 3 Grêmio,Internacional,2,2,, 2 x 3 ,Grêmio,3,3,,,,1928_CIT,Citadino Porto Alegre,Chácara dos Eucaliptos,,"Luiz Carvalho (G), Luiz Carvalho (G), Telêmaco (G), Ross (I), Ribeiro (I)",,,
25,12/06/1927,Grêmio 1 x 3 Internacional,Grêmio,1,1,, 1 x 3 ,Internacional,3,3,,,,1927_CIT,Citadino Porto Alegre,Baixada,,"Nenê (I), Barros (I), Barros (I), Domingos (G)",,,
24,08/05/1927,Internacional 3 x 2 Grêmio,Internacional,3,3,, 3 x 2 ,Grêmio,2,2,,,,1927_CIT,Citadino Porto Alegre,Chácara dos Eucaliptos,,"Ross (I), Miro (I), Ribeiro (I), Telêmaco (G), Telêmaco (G)",,,
23,14/11/1926,Grêmio 4 x 3 Internacional,Grêmio,4,4,, 4 x 3 ,Internacional,3,3,,,,1926_CIT,Citadino Porto Alegre,Baixada,,"Luiz Carvalho (G), Luiz Carvalho (G), Corô (G), Telêmaco (G), Ribeiro (I), Ribeiro (I), Barros (I)",,,
22,27/06/1926,Internacional 1 x 4 Grêmio,Internacional,1,1,, 1 x 4 ,Grêmio,4,4,,,,1926_CIT,Citadino Porto Alegre,Chácara dos Eucaliptos,,"Luiz Carvalho (G), Esperança (G), Corô (G), Corô (G), Barros (I)",Criação do nome Gre-Nal por Ivo dos Santos Martins – jogo acabou 10 min. antes após agressão de torcedor colorado no árbitro e briga entre torcedores e Brigada,,
21,11/10/1925,Internacional 2 x 2 Grêmio,Internacional,2,2,, 2 x 2 ,Grêmio,2,2,,,,1925_CIT,Citadino Porto Alegre,Chácara das Camélias,,"Oliveiro (G), Luiz Carvalho (G), Barros (I), Barros (I)",,,
20,24/05/1925,Grêmio 3 x 3 Internacional,Grêmio,3,3,, 3 x 3 ,Internacional,3,3,,,,1925_CIT,Citadino Porto Alegre,Baixada,,"Nenê (G), Corô (G), Meneghetti-contra (G), Barros (I), Barros (I), Veiga (I)",1o. empate – centésimo gol,,
19,12/11/1924,Internacional 2 x 1 Grêmio,Internacional,2,2,, 2 x 1 ,Grêmio,1,1,,,,AMISTOSO,Amistoso,Chácara dos Eucaliptos,,"Veiga (I), Eduardo (I), Bruno (G)",,,
18,27/04/1924,Grêmio 4 x 3 Internacional,Grêmio,4,4,, 4 x 3 ,Internacional,3,3,,,,AMISTOSO,Amistoso,Baixada,,"Totte (G), Totte (G), Totte (G), Léo (G), Geny (I), Ribeiro (I), Ribeiro (G)",,,
17,01/11/1923,Internacional 0 x 1 Grêmio,Internacional,0,0,, 0 x 1 ,Grêmio,1,1,,,,AMISTOSO,Amistoso,Chácara dos Eucaliptos,,Armando (G),Amistoso – Miss Bila Ortiz,,
16,23/09/1923,Grêmio 3 x 2 Internacional,Grêmio,3,3,, 3 x 2 ,Internacional,2,2,,,,AMISTOSO,Amistoso,Baixada,,"Luiz Carvalho (G), Totte (G), Lagarto (G), Barros (I), Eduardo (I)",,,
15,22/08/1920,Grêmio 2 x 1 Internacional,Grêmio,2,2,, 2 x 1 ,Internacional,1,1,,,,1920_CIT,Citadino Porto Alegre,Baixada,,"Gertum (G), Lagarto (G), Rosário (I)",,,
14,02/05/1920,Internacional 1 x 4 Grêmio,Internacional,1,1,, 1 x 4 ,Grêmio,4,4,,,,1920_CIT,Citadino Porto Alegre,Chácara dos Eucaliptos,,"Ramon (G), Ramon (G), Gertum (G), Gertum (G), Geny (I)",,,
13,14/09/1919,Grêmio 3 x 2 Internacional,Grêmio,3,3,, 3 x 2 ,Internacional,2,2,,,,1919_CIT,Citadino Porto Alegre,Baixada,,"Dorival (G), Lagarto (G), Lewis (G), Gil (I), Bedionda (I)",,,
12,20/07/1919,Internacional 2 x 0 Grêmio,Internacional,2,2,, 2 x 0 ,Grêmio,0,0,,,,1919_CIT,Citadino Porto Alegre,Chácara dos Eucaliptos,,"Carlos Kluwe (I), Pedro (I)",Abaixo-assinado para Kluwe voltar,,
11,04/08/1918,Grêmio 1 x 0 Internacional,Grêmio,1,1,, 1 x 0 ,Internacional,0,0,,,,1918_CIT,Citadino Porto Alegre,Baixada,,Garibotti (G),Jogo não terminou – cancelado por motivos de segurança quando o Grêmio vencia por 1x0 (gol de Garibotti de penalti),,
10,10/05/1918,Internacional 5 x 3 Grêmio,Internacional,5,5,, 5 x 3 ,Grêmio,3,3,,,,1918_CIT,Citadino Porto Alegre,Chácara dos Eucaliptos,,"Mário Cunha (I), Mário Cunha (I), Ribas (I), Ribas (I), Guimarães (I), Lagarto (G), Lagarto (G), Pavani (G)",,,
9,29/10/1916,Grêmio 2 x 3 Internacional,Grêmio,2,2,, 2 x 3 ,Internacional,3,3,,,,1916_CIT,Citadino Porto Alegre,Baixada,,"Túlio (I), Muller (I), Oswaldo (I), Sisson (G), Assumpção (G)",,,
8,30/07/1916,Internacional 6 x 1 Grêmio,Internacional,6,6,, 6 x 1 ,Grêmio,1,1,,,,1916_CIT,Citadino Porto Alegre,Chácara dos Eucaliptos,,"Vares (I), Vares (I), Vares (I), Vares (I), Vares (I), Vares (I), Scalco (G)",,,
7,31/10/1915,Grêmio 1 x 4 Internacional,Grêmio,1,1,, 1 x 4 ,Internacional,4,4,,,,AMISTOSO,Amistoso,Baixada,,"Müller (I), Bedionda (I), Tulio (I), Sisson (G), Bedionda (I)",1a. vitoria Internacional,,
6,08/06/1913,Internacional 1 x 2 Grêmio,Internacional,1,1,, 1 x 2 ,Grêmio,2,2,,,,1913_CIT,Citadino Porto Alegre,Chácara dos Eucaliptos,,"Ashlin (G), Ashlin (G), Túlio (I)",,,
5,15/09/1912,Grêmio 2 x 1 Internacional,Grêmio,2,2,, 2 x 1 ,Internacional,1,1,,,,1912_CIT,Citadino Porto Alegre,Baixada,,"Galvão (I), Booth (G), Booth (G)",,,
4,23/06/1912,Grêmio 6 x 0 Internacional,Grêmio,6,6,, 6 x 0 ,Internacional,0,0,,,,1912_CIT,Citadino Porto Alegre,Baixada,,"???? (G), ???? (G), ???? (G), ???? (G), ???? (G), ???? (G)",Não existem registros sobre os autores destes gols,,
3,18/06/1911,Grêmio 10 x 1 Internacional,Grêmio,10,10,, 10 x 1 ,Internacional, 1, 1,,,,1911_CIT,Citadino Porto Alegre,Escola Guerra,,"Edwin Cox (G), Vinholes (I), ???? (G), ???? (G), ???? (G), ???? (G), ??? (G), ???? (G), ???? (G), ??? (G), ??? (G)",Não existem registros sobre os autores destes gols,,
2,17/07/1910,Grêmio 5 x 0 Internacional,Grêmio,5,5,, 5 x 0 ,Internacional,0,0,,,,1910_CIT,Citadino Porto Alegre,Baixada,,"Mostardeiro (G), Booth (G), Geyer (G), Moreira (G), Booth (G)",,,
1,18/07/1909,Grêmio 10 x 0 Internacional,Grêmio,10,10,, 10 x 0 ,Internacional, 0, 0,,,,AMISTOSO,Amistoso,Baixada,,"Booth (G), Booth (G), Booth (G), Booth (G), Booth (G), Grünewald (G), Grünewald (G), Grünewald (G), Grünewald (G), Moreira (G)","1o. Gre-Nal, Booth é o autor do primeiro gol e também o primeiro a tocar na bola em um clássico",,
,,,,,,,,,,,,,,,,,,,,,
