,round,,idTeamHome,,scoreTeamHome,,idTeamVisitor,,scoreTeamVisitor,,gameDate,,,gameDate
"insert into game (round, idTeamHome, scoreTeamHome, idTeamVisitor, scoreTeamVisitor, gameDate) values (",1,",",2,",",2,",",11,",",1,",'",2023-04-15,'),,15/04/2023
"insert into game (round, idTeamHome, scoreTeamHome, idTeamVisitor, scoreTeamVisitor, gameDate) values (",1,",",4,",",2,",",12,",",1,",'",2023-04-15,'),,15/04/2023
"insert into game (round, idTeamHome, scoreTeamHome, idTeamVisitor, scoreTeamVisitor, gameDate) values (",1,",",3,",",2,",",15,",",1,",'",2023-04-15,'),,15/04/2023
"insert into game (round, idTeamHome, scoreTeamHome, idTeamVisitor, scoreTeamVisitor, gameDate) values (",1,",",6,",",2,",",17,",",0,",'",2023-04-15,'),,15/04/2023
"insert into game (round, idTeamHome, scoreTeamHome, idTeamVisitor, scoreTeamVisitor, gameDate) values (",1,",",10,",",1,",",1,",",1,",'",2023-04-15,'),,15/04/2023
"insert into game (round, idTeamHome, scoreTeamHome, idTeamVisitor, scoreTeamVisitor, gameDate) values (",1,",",20,",",0,",",9,",",3,",'",2023-04-15,'),,15/04/2023
"insert into game (round, idTeamHome, scoreTeamHome, idTeamVisitor, scoreTeamVisitor, gameDate) values (",1,",",5,",",3,",",19,",",0,",'",2023-04-16,'),,16/04/2023
"insert into game (round, idTeamHome, scoreTeamHome, idTeamVisitor, scoreTeamVisitor, gameDate) values (",1,",",14,",",2,",",13,",",1,",'",2023-04-16,'),,16/04/2023
"insert into game (round, idTeamHome, scoreTeamHome, idTeamVisitor, scoreTeamVisitor, gameDate) values (",1,",",8,",",1,",",18,",",2,",'",2023-04-16,'),,16/04/2023
"insert into game (round, idTeamHome, scoreTeamHome, idTeamVisitor, scoreTeamVisitor, gameDate) values (",1,",",7,",",1,",",16,",",0,",'",2023-04-16,'),,16/04/2023
"insert into game (round, idTeamHome, scoreTeamHome, idTeamVisitor, scoreTeamVisitor, gameDate) values (",2,",",9,",",2,",",6,",",0,",'",2023-04-22,'),,22/04/2023
"insert into game (round, idTeamHome, scoreTeamHome, idTeamVisitor, scoreTeamVisitor, gameDate) values (",2,",",11,",",3,",",20,",",0,",'",2023-04-22,'),,22/04/2023
"insert into game (round, idTeamHome, scoreTeamHome, idTeamVisitor, scoreTeamVisitor, gameDate) values (",2,",",12,",",1,",",3,",",1,",'",2023-04-22,'),,22/04/2023
"insert into game (round, idTeamHome, scoreTeamHome, idTeamVisitor, scoreTeamVisitor, gameDate) values (",2,",",18,",",2,",",4,",",2,",'",2023-04-23,'),,23/04/2023
"insert into game (round, idTeamHome, scoreTeamHome, idTeamVisitor, scoreTeamVisitor, gameDate) values (",2,",",16,",",0,",",8,",",0,",'",2023-04-23,'),,23/04/2023
"insert into game (round, idTeamHome, scoreTeamHome, idTeamVisitor, scoreTeamVisitor, gameDate) values (",2,",",17,",",3,",",14,",",1,",'",2023-04-23,'),,23/04/2023
"insert into game (round, idTeamHome, scoreTeamHome, idTeamVisitor, scoreTeamVisitor, gameDate) values (",2,",",13,",",1,",",7,",",0,",'",2023-04-23,'),,23/04/2023
"insert into game (round, idTeamHome, scoreTeamHome, idTeamVisitor, scoreTeamVisitor, gameDate) values (",2,",",1,",",2,",",5,",",1,",'",2023-04-23,'),,23/04/2023
"insert into game (round, idTeamHome, scoreTeamHome, idTeamVisitor, scoreTeamVisitor, gameDate) values (",2,",",19,",",0,",",10,",",3,",'",2023-04-23,'),,23/04/2023
"insert into game (round, idTeamHome, scoreTeamHome, idTeamVisitor, scoreTeamVisitor, gameDate) values (",2,",",15,",",1,",",2,",",2,",'",2023-04-24,'),,24/04/2023
"insert into game (round, idTeamHome, scoreTeamHome, idTeamVisitor, scoreTeamVisitor, gameDate) values (",3,",",4,",",2,",",14,",",1,",'",2023-04-29,'),,29/04/2023
"insert into game (round, idTeamHome, scoreTeamHome, idTeamVisitor, scoreTeamVisitor, gameDate) values (",3,",",16,",",3,",",20,",",2,",'",2023-04-29,'),,29/04/2023
"insert into game (round, idTeamHome, scoreTeamHome, idTeamVisitor, scoreTeamVisitor, gameDate) values (",3,",",3,",",0,",",13,",",3,",'",2023-04-29,'),,29/04/2023
"insert into game (round, idTeamHome, scoreTeamHome, idTeamVisitor, scoreTeamVisitor, gameDate) values (",3,",",19,",",1,",",11,",",1,",'",2023-04-29,'),,29/04/2023
"insert into game (round, idTeamHome, scoreTeamHome, idTeamVisitor, scoreTeamVisitor, gameDate) values (",3,",",10,",",4,",",9,",",2,",'",2023-04-29,'),,29/04/2023
"insert into game (round, idTeamHome, scoreTeamHome, idTeamVisitor, scoreTeamVisitor, gameDate) values (",3,",",5,",",2,",",2,",",3,",'",2023-04-30,'),,30/04/2023
"insert into game (round, idTeamHome, scoreTeamHome, idTeamVisitor, scoreTeamVisitor, gameDate) values (",3,",",8,",",2,",",6,",",1,",'",2023-04-30,'),,30/04/2023
"insert into game (round, idTeamHome, scoreTeamHome, idTeamVisitor, scoreTeamVisitor, gameDate) values (",3,",",1,",",1,",",17,",",0,",'",2023-04-30,'),,30/04/2023
"insert into game (round, idTeamHome, scoreTeamHome, idTeamVisitor, scoreTeamVisitor, gameDate) values (",3,",",12,",",1,",",7,",",2,",'",2023-04-30,'),,30/04/2023
"insert into game (round, idTeamHome, scoreTeamHome, idTeamVisitor, scoreTeamVisitor, gameDate) values (",3,",",18,",",0,",",15,",",1,",'",2023-05-01,'),,01/05/2023
"insert into game (round, idTeamHome, scoreTeamHome, idTeamVisitor, scoreTeamVisitor, gameDate) values (",4,",",13,",",2,",",16,",",1,",'",2023-05-06,'),,06/05/2023
"insert into game (round, idTeamHome, scoreTeamHome, idTeamVisitor, scoreTeamVisitor, gameDate) values (",4,",",9,",",1,",",18,",",1,",'",2023-05-07,'),,07/05/2023
"insert into game (round, idTeamHome, scoreTeamHome, idTeamVisitor, scoreTeamVisitor, gameDate) values (",4,",",2,",",2,",",8,",",0,",'",2023-05-07,'),,07/05/2023
"insert into game (round, idTeamHome, scoreTeamHome, idTeamVisitor, scoreTeamVisitor, gameDate) values (",4,",",11,",",2,",",1,",",0,",'",2023-05-07,'),,07/05/2023
"insert into game (round, idTeamHome, scoreTeamHome, idTeamVisitor, scoreTeamVisitor, gameDate) values (",4,",",17,",",0,",",4,",",5,",'",2023-05-07,'),,07/05/2023
"insert into game (round, idTeamHome, scoreTeamHome, idTeamVisitor, scoreTeamVisitor, gameDate) values (",4,",",7,",",3,",",3,",",3,",'",2023-05-07,'),,07/05/2023
"insert into game (round, idTeamHome, scoreTeamHome, idTeamVisitor, scoreTeamVisitor, gameDate) values (",4,",",6,",",2,",",5,",",1,",'",2023-05-07,'),,07/05/2023
"insert into game (round, idTeamHome, scoreTeamHome, idTeamVisitor, scoreTeamVisitor, gameDate) values (",4,",",15,",",3,",",19,",",1,",'",2023-05-07,'),,07/05/2023
"insert into game (round, idTeamHome, scoreTeamHome, idTeamVisitor, scoreTeamVisitor, gameDate) values (",4,",",20,",",1,",",12,",",2,",'",2023-05-07,'),,07/05/2023
"insert into game (round, idTeamHome, scoreTeamHome, idTeamVisitor, scoreTeamVisitor, gameDate) values (",4,",",14,",",1,",",10,",",1,",'",2023-05-08,'),,08/05/2023
"insert into game (round, idTeamHome, scoreTeamHome, idTeamVisitor, scoreTeamVisitor, gameDate) values (",5,",",5,",",2,",",17,",",0,",'",2023-05-10,'),,10/05/2023
"insert into game (round, idTeamHome, scoreTeamHome, idTeamVisitor, scoreTeamVisitor, gameDate) values (",5,",",16,",",3,",",15,",",0,",'",2023-05-10,'),,10/05/2023
"insert into game (round, idTeamHome, scoreTeamHome, idTeamVisitor, scoreTeamVisitor, gameDate) values (",5,",",3,",",2,",",20,",",2,",'",2023-05-10,'),,10/05/2023
"insert into game (round, idTeamHome, scoreTeamHome, idTeamVisitor, scoreTeamVisitor, gameDate) values (",5,",",1,",",0,",",6,",",2,",'",2023-05-10,'),,10/05/2023
"insert into game (round, idTeamHome, scoreTeamHome, idTeamVisitor, scoreTeamVisitor, gameDate) values (",5,",",12,",",0,",",8,",",4,",'",2023-05-10,'),,10/05/2023
"insert into game (round, idTeamHome, scoreTeamHome, idTeamVisitor, scoreTeamVisitor, gameDate) values (",5,",",2,",",3,",",14,",",0,",'",2023-05-11,'),,11/05/2023
"insert into game (round, idTeamHome, scoreTeamHome, idTeamVisitor, scoreTeamVisitor, gameDate) values (",5,",",4,",",4,",",7,",",1,",'",2023-05-11,'),,11/05/2023
"insert into game (round, idTeamHome, scoreTeamHome, idTeamVisitor, scoreTeamVisitor, gameDate) values (",5,",",13,",",0,",",9,",",2,",'",2023-05-11,'),,11/05/2023
"insert into game (round, idTeamHome, scoreTeamHome, idTeamVisitor, scoreTeamVisitor, gameDate) values (",5,",",19,",",1,",",18,",",1,",'",2023-05-11,'),,11/05/2023
"insert into game (round, idTeamHome, scoreTeamHome, idTeamVisitor, scoreTeamVisitor, gameDate) values (",5,",",10,",",0,",",11,",",0,",'",2023-05-11,'),,11/05/2023
"insert into game (round, idTeamHome, scoreTeamHome, idTeamVisitor, scoreTeamVisitor, gameDate) values (",6,",",9,",",2,",",12,",",0,",'",2023-05-13,'),,13/05/2023
"insert into game (round, idTeamHome, scoreTeamHome, idTeamVisitor, scoreTeamVisitor, gameDate) values (",6,",",4,",",1,",",3,",",1,",'",2023-05-13,'),,13/05/2023
"insert into game (round, idTeamHome, scoreTeamHome, idTeamVisitor, scoreTeamVisitor, gameDate) values (",6,",",15,",",2,",",5,",",3,",'",2023-05-13,'),,13/05/2023
"insert into game (round, idTeamHome, scoreTeamHome, idTeamVisitor, scoreTeamVisitor, gameDate) values (",6,",",18,",",0,",",16,",",1,",'",2023-05-14,'),,14/05/2023
"insert into game (round, idTeamHome, scoreTeamHome, idTeamVisitor, scoreTeamVisitor, gameDate) values (",6,",",14,",",1,",",11,",",1,",'",2023-05-14,'),,14/05/2023
"insert into game (round, idTeamHome, scoreTeamHome, idTeamVisitor, scoreTeamVisitor, gameDate) values (",6,",",17,",",2,",",2,",",1,",'",2023-05-14,'),,14/05/2023
"insert into game (round, idTeamHome, scoreTeamHome, idTeamVisitor, scoreTeamVisitor, gameDate) values (",6,",",8,",",2,",",1,",",0,",'",2023-05-14,'),,14/05/2023
"insert into game (round, idTeamHome, scoreTeamHome, idTeamVisitor, scoreTeamVisitor, gameDate) values (",6,",",7,",",0,",",10,",",0,",'",2023-05-14,'),,14/05/2023
"insert into game (round, idTeamHome, scoreTeamHome, idTeamVisitor, scoreTeamVisitor, gameDate) values (",6,",",6,",",3,",",19,",",2,",'",2023-05-14,'),,14/05/2023
"insert into game (round, idTeamHome, scoreTeamHome, idTeamVisitor, scoreTeamVisitor, gameDate) values (",6,",",20,",",0,",",13,",",4,",'",2023-05-14,'),,14/05/2023
"insert into game (round, idTeamHome, scoreTeamHome, idTeamVisitor, scoreTeamVisitor, gameDate) values (",7,",",2,",",1,",",9,",",0,",'",2023-05-20,'),,20/05/2023
"insert into game (round, idTeamHome, scoreTeamHome, idTeamVisitor, scoreTeamVisitor, gameDate) values (",7,",",11,",",4,",",18,",",2,",'",2023-05-20,'),,20/05/2023
"insert into game (round, idTeamHome, scoreTeamHome, idTeamVisitor, scoreTeamVisitor, gameDate) values (",7,",",3,",",2,",",6,",",0,",'",2023-05-20,'),,20/05/2023
"insert into game (round, idTeamHome, scoreTeamHome, idTeamVisitor, scoreTeamVisitor, gameDate) values (",7,",",19,",",1,",",8,",",2,",'",2023-05-20,'),,20/05/2023
"insert into game (round, idTeamHome, scoreTeamHome, idTeamVisitor, scoreTeamVisitor, gameDate) values (",7,",",15,",",1,",",17,",",1,",'",2023-05-20,'),,20/05/2023
"insert into game (round, idTeamHome, scoreTeamHome, idTeamVisitor, scoreTeamVisitor, gameDate) values (",7,",",20,",",2,",",10,",",1,",'",2023-05-20,'),,20/05/2023
"insert into game (round, idTeamHome, scoreTeamHome, idTeamVisitor, scoreTeamVisitor, gameDate) values (",7,",",5,",",1,",",14,",",0,",'",2023-05-21,'),,21/05/2023
"insert into game (round, idTeamHome, scoreTeamHome, idTeamVisitor, scoreTeamVisitor, gameDate) values (",7,",",16,",",0,",",4,",",0,",'",2023-05-21,'),,21/05/2023
"insert into game (round, idTeamHome, scoreTeamHome, idTeamVisitor, scoreTeamVisitor, gameDate) values (",7,",",7,",",3,",",1,",",1,",'",2023-05-21,'),,21/05/2023
"insert into game (round, idTeamHome, scoreTeamHome, idTeamVisitor, scoreTeamVisitor, gameDate) values (",7,",",13,",",0,",",12,",",1,",'",2023-05-22,'),,22/05/2023
"insert into game (round, idTeamHome, scoreTeamHome, idTeamVisitor, scoreTeamVisitor, gameDate) values (",8,",",5,",",1,",",13,",",1,",'",2023-05-27,'),,27/05/2023
"insert into game (round, idTeamHome, scoreTeamHome, idTeamVisitor, scoreTeamVisitor, gameDate) values (",8,",",6,",",1,",",7,",",2,",'",2023-05-27,'),,27/05/2023
"insert into game (round, idTeamHome, scoreTeamHome, idTeamVisitor, scoreTeamVisitor, gameDate) values (",8,",",10,",",2,",",18,",",0,",'",2023-05-27,'),,27/05/2023
"insert into game (round, idTeamHome, scoreTeamHome, idTeamVisitor, scoreTeamVisitor, gameDate) values (",8,",",12,",",1,",",19,",",1,",'",2023-05-27,'),,27/05/2023
"insert into game (round, idTeamHome, scoreTeamHome, idTeamVisitor, scoreTeamVisitor, gameDate) values (",8,",",2,",",2,",",20,",",0,",'",2023-05-28,'),,28/05/2023
"insert into game (round, idTeamHome, scoreTeamHome, idTeamVisitor, scoreTeamVisitor, gameDate) values (",8,",",11,",",2,",",17,",",1,",'",2023-05-28,'),,28/05/2023
"insert into game (round, idTeamHome, scoreTeamHome, idTeamVisitor, scoreTeamVisitor, gameDate) values (",8,",",14,",",2,",",9,",",0,",'",2023-05-28,'),,28/05/2023
"insert into game (round, idTeamHome, scoreTeamHome, idTeamVisitor, scoreTeamVisitor, gameDate) values (",8,",",3,",",2,",",16,",",0,",'",2023-05-28,'),,28/05/2023
"insert into game (round, idTeamHome, scoreTeamHome, idTeamVisitor, scoreTeamVisitor, gameDate) values (",8,",",8,",",1,",",4,",",1,",'",2023-05-28,'),,28/05/2023
"insert into game (round, idTeamHome, scoreTeamHome, idTeamVisitor, scoreTeamVisitor, gameDate) values (",8,",",1,",",2,",",15,",",0,",'",2023-05-28,'),,28/05/2023
"insert into game (round, idTeamHome, scoreTeamHome, idTeamVisitor, scoreTeamVisitor, gameDate) values (",9,",",13,",",0,",",8,",",1,",'",2023-06-03,'),,03/06/2023
"insert into game (round, idTeamHome, scoreTeamHome, idTeamVisitor, scoreTeamVisitor, gameDate) values (",9,",",6,",",1,",",2,",",0,",'",2023-06-03,'),,03/06/2023
"insert into game (round, idTeamHome, scoreTeamHome, idTeamVisitor, scoreTeamVisitor, gameDate) values (",9,",",10,",",0,",",15,",",0,",'",2023-06-03,'),,03/06/2023
"insert into game (round, idTeamHome, scoreTeamHome, idTeamVisitor, scoreTeamVisitor, gameDate) values (",9,",",20,",",2,",",14,",",0,",'",2023-06-03,'),,03/06/2023
"insert into game (round, idTeamHome, scoreTeamHome, idTeamVisitor, scoreTeamVisitor, gameDate) values (",9,",",9,",",2,",",3,",",1,",'",2023-06-04,'),,04/06/2023
"insert into game (round, idTeamHome, scoreTeamHome, idTeamVisitor, scoreTeamVisitor, gameDate) values (",9,",",4,",",3,",",19,",",1,",'",2023-06-04,'),,04/06/2023
"insert into game (round, idTeamHome, scoreTeamHome, idTeamVisitor, scoreTeamVisitor, gameDate) values (",9,",",16,",",1,",",1,",",1,",'",2023-06-04,'),,04/06/2023
"insert into game (round, idTeamHome, scoreTeamHome, idTeamVisitor, scoreTeamVisitor, gameDate) values (",9,",",17,",",0,",",12,",",1,",'",2023-06-04,'),,04/06/2023
"insert into game (round, idTeamHome, scoreTeamHome, idTeamVisitor, scoreTeamVisitor, gameDate) values (",9,",",7,",",2,",",11,",",1,",'",2023-06-04,'),,04/06/2023
"insert into game (round, idTeamHome, scoreTeamHome, idTeamVisitor, scoreTeamVisitor, gameDate) values (",9,",",18,",",1,",",5,",",4,",'",2023-06-05,'),,05/06/2023
"insert into game (round, idTeamHome, scoreTeamHome, idTeamVisitor, scoreTeamVisitor, gameDate) values (",10,",",14,",",1,",",12,",",1,",'",2023-06-10,'),,10/06/2023
"insert into game (round, idTeamHome, scoreTeamHome, idTeamVisitor, scoreTeamVisitor, gameDate) values (",10,",",8,",",1,",",3,",",1,",'",2023-06-10,'),,10/06/2023
"insert into game (round, idTeamHome, scoreTeamHome, idTeamVisitor, scoreTeamVisitor, gameDate) values (",10,",",19,",",0,",",16,",",0,",'",2023-06-10,'),,10/06/2023
"insert into game (round, idTeamHome, scoreTeamHome, idTeamVisitor, scoreTeamVisitor, gameDate) values (",10,",",15,",",2,",",13,",",2,",'",2023-06-10,'),,10/06/2023
"insert into game (round, idTeamHome, scoreTeamHome, idTeamVisitor, scoreTeamVisitor, gameDate) values (",10,",",5,",",3,",",7,",",0,",'",2023-06-11,'),,11/06/2023
"insert into game (round, idTeamHome, scoreTeamHome, idTeamVisitor, scoreTeamVisitor, gameDate) values (",10,",",2,",",2,",",10,",",0,",'",2023-06-11,'),,11/06/2023
"insert into game (round, idTeamHome, scoreTeamHome, idTeamVisitor, scoreTeamVisitor, gameDate) values (",10,",",11,",",0,",",4,",",2,",'",2023-06-11,'),,11/06/2023
"insert into game (round, idTeamHome, scoreTeamHome, idTeamVisitor, scoreTeamVisitor, gameDate) values (",10,",",17,",",2,",",9,",",2,",'",2023-06-11,'),,11/06/2023
"insert into game (round, idTeamHome, scoreTeamHome, idTeamVisitor, scoreTeamVisitor, gameDate) values (",10,",",1,",",2,",",18,",",1,",'",2023-06-11,'),,11/06/2023
"insert into game (round, idTeamHome, scoreTeamHome, idTeamVisitor, scoreTeamVisitor, gameDate) values (",10,",",20,",",2,",",6,",",2,",'",2023-06-11,'),,11/06/2023
"insert into game (round, idTeamHome, scoreTeamHome, idTeamVisitor, scoreTeamVisitor, gameDate) values (",11,",",11,",",2,",",6,",",1,",'",2023-06-21,'),,21/06/2023
"insert into game (round, idTeamHome, scoreTeamHome, idTeamVisitor, scoreTeamVisitor, gameDate) values (",11,",",16,",",0,",",14,",",2,",'",2023-06-21,'),,21/06/2023
"insert into game (round, idTeamHome, scoreTeamHome, idTeamVisitor, scoreTeamVisitor, gameDate) values (",11,",",13,",",0,",",10,",",1,",'",2023-06-21,'),,21/06/2023
"insert into game (round, idTeamHome, scoreTeamHome, idTeamVisitor, scoreTeamVisitor, gameDate) values (",11,",",9,",",1,",",8,",",1,",'",2023-06-22,'),,22/06/2023
"insert into game (round, idTeamHome, scoreTeamHome, idTeamVisitor, scoreTeamVisitor, gameDate) values (",11,",",18,",",0,",",17,",",1,",'",2023-06-22,'),,22/06/2023
"insert into game (round, idTeamHome, scoreTeamHome, idTeamVisitor, scoreTeamVisitor, gameDate) values (",11,",",7,",",3,",",20,",",1,",'",2023-06-22,'),,22/06/2023
"insert into game (round, idTeamHome, scoreTeamHome, idTeamVisitor, scoreTeamVisitor, gameDate) values (",11,",",19,",",0,",",1,",",1,",'",2023-06-22,'),,22/06/2023
"insert into game (round, idTeamHome, scoreTeamHome, idTeamVisitor, scoreTeamVisitor, gameDate) values (",11,",",15,",",1,",",4,",",0,",'",2023-06-22,'),,22/06/2023
"insert into game (round, idTeamHome, scoreTeamHome, idTeamVisitor, scoreTeamVisitor, gameDate) values (",11,",",12,",",0,",",2,",",1,",'",2023-06-22,'),,22/06/2023
"insert into game (round, idTeamHome, scoreTeamHome, idTeamVisitor, scoreTeamVisitor, gameDate) values (",11,",",3,",",4,",",5,",",0,",'",2023-06-23,'),,23/06/2023
"insert into game (round, idTeamHome, scoreTeamHome, idTeamVisitor, scoreTeamVisitor, gameDate) values (",12,",",9,",",2,",",15,",",1,",'",2023-06-24,'),,24/06/2023
"insert into game (round, idTeamHome, scoreTeamHome, idTeamVisitor, scoreTeamVisitor, gameDate) values (",12,",",6,",",1,",",14,",",0,",'",2023-06-24,'),,24/06/2023
"insert into game (round, idTeamHome, scoreTeamHome, idTeamVisitor, scoreTeamVisitor, gameDate) values (",12,",",10,",",2,",",8,",",1,",'",2023-06-24,'),,24/06/2023
"insert into game (round, idTeamHome, scoreTeamHome, idTeamVisitor, scoreTeamVisitor, gameDate) values (",12,",",4,",",0,",",2,",",1,",'",2023-06-25,'),,25/06/2023
"insert into game (round, idTeamHome, scoreTeamHome, idTeamVisitor, scoreTeamVisitor, gameDate) values (",12,",",16,",",2,",",5,",",3,",'",2023-06-25,'),,25/06/2023
"insert into game (round, idTeamHome, scoreTeamHome, idTeamVisitor, scoreTeamVisitor, gameDate) values (",12,",",3,",",2,",",17,",",0,",'",2023-06-25,'),,25/06/2023
"insert into game (round, idTeamHome, scoreTeamHome, idTeamVisitor, scoreTeamVisitor, gameDate) values (",12,",",13,",",1,",",11,",",0,",'",2023-06-25,'),,25/06/2023
"insert into game (round, idTeamHome, scoreTeamHome, idTeamVisitor, scoreTeamVisitor, gameDate) values (",12,",",7,",",5,",",19,",",1,",'",2023-06-25,'),,25/06/2023
"insert into game (round, idTeamHome, scoreTeamHome, idTeamVisitor, scoreTeamVisitor, gameDate) values (",12,",",20,",",1,",",1,",",2,",'",2023-06-25,'),,25/06/2023
"insert into game (round, idTeamHome, scoreTeamHome, idTeamVisitor, scoreTeamVisitor, gameDate) values (",12,",",18,",",1,",",12,",",0,",'",2023-06-27,'),,27/06/2023
"insert into game (round, idTeamHome, scoreTeamHome, idTeamVisitor, scoreTeamVisitor, gameDate) values (",13,",",5,",",2,",",10,",",0,",'",2023-07-01,'),,01/07/2023
"insert into game (round, idTeamHome, scoreTeamHome, idTeamVisitor, scoreTeamVisitor, gameDate) values (",13,",",11,",",1,",",9,",",0,",'",2023-07-01,'),,01/07/2023
"insert into game (round, idTeamHome, scoreTeamHome, idTeamVisitor, scoreTeamVisitor, gameDate) values (",13,",",15,",",1,",",7,",",2,",'",2023-07-01,'),,01/07/2023
"insert into game (round, idTeamHome, scoreTeamHome, idTeamVisitor, scoreTeamVisitor, gameDate) values (",13,",",2,",",2,",",18,",",0,",'",2023-07-02,'),,02/07/2023
"insert into game (round, idTeamHome, scoreTeamHome, idTeamVisitor, scoreTeamVisitor, gameDate) values (",13,",",14,",",0,",",3,",",1,",'",2023-07-02,'),,02/07/2023
"insert into game (round, idTeamHome, scoreTeamHome, idTeamVisitor, scoreTeamVisitor, gameDate) values (",13,",",8,",",2,",",20,",",2,",'",2023-07-02,'),,02/07/2023
"insert into game (round, idTeamHome, scoreTeamHome, idTeamVisitor, scoreTeamVisitor, gameDate) values (",13,",",1,",",0,",",13,",",0,",'",2023-07-02,'),,02/07/2023
"insert into game (round, idTeamHome, scoreTeamHome, idTeamVisitor, scoreTeamVisitor, gameDate) values (",13,",",6,",",2,",",4,",",2,",'",2023-07-02,'),,02/07/2023
"insert into game (round, idTeamHome, scoreTeamHome, idTeamVisitor, scoreTeamVisitor, gameDate) values (",13,",",12,",",3,",",16,",",0,",'",2023-07-02,'),,02/07/2023
"insert into game (round, idTeamHome, scoreTeamHome, idTeamVisitor, scoreTeamVisitor, gameDate) values (",13,",",17,",",1,",",19,",",2,",'",2023-07-03,'),,03/07/2023
"insert into game (round, idTeamHome, scoreTeamHome, idTeamVisitor, scoreTeamVisitor, gameDate) values (",14,",",18,",",0,",",13,",",1,",'",2023-07-08,'),,08/07/2023
"insert into game (round, idTeamHome, scoreTeamHome, idTeamVisitor, scoreTeamVisitor, gameDate) values (",14,",",8,",",0,",",14,",",1,",'",2023-07-08,'),,08/07/2023
"insert into game (round, idTeamHome, scoreTeamHome, idTeamVisitor, scoreTeamVisitor, gameDate) values (",14,",",19,",",3,",",20,",",1,",'",2023-07-08,'),,08/07/2023
"insert into game (round, idTeamHome, scoreTeamHome, idTeamVisitor, scoreTeamVisitor, gameDate) values (",14,",",12,",",1,",",15,",",1,",'",2023-07-08,'),,08/07/2023
"insert into game (round, idTeamHome, scoreTeamHome, idTeamVisitor, scoreTeamVisitor, gameDate) values (",14,",",9,",",2,",",1,",",0,",'",2023-07-09,'),,09/07/2023
"insert into game (round, idTeamHome, scoreTeamHome, idTeamVisitor, scoreTeamVisitor, gameDate) values (",14,",",4,",",1,",",5,",",1,",'",2023-07-09,'),,09/07/2023
"insert into game (round, idTeamHome, scoreTeamHome, idTeamVisitor, scoreTeamVisitor, gameDate) values (",14,",",16,",",4,",",17,",",3,",'",2023-07-09,'),,09/07/2023
"insert into game (round, idTeamHome, scoreTeamHome, idTeamVisitor, scoreTeamVisitor, gameDate) values (",14,",",3,",",0,",",11,",",0,",'",2023-07-09,'),,09/07/2023
"insert into game (round, idTeamHome, scoreTeamHome, idTeamVisitor, scoreTeamVisitor, gameDate) values (",14,",",7,",",0,",",2,",",2,",'",2023-07-09,'),,09/07/2023
"insert into game (round, idTeamHome, scoreTeamHome, idTeamVisitor, scoreTeamVisitor, gameDate) values (",14,",",10,",",1,",",6,",",0,",'",2023-07-09,'),,09/07/2023
"insert into game (round, idTeamHome, scoreTeamHome, idTeamVisitor, scoreTeamVisitor, gameDate) values (",15,",",9,",",0,",",5,",",0,",'",2023-07-16,'),,16/07/2023
"insert into game (round, idTeamHome, scoreTeamHome, idTeamVisitor, scoreTeamVisitor, gameDate) values (",15,",",2,",",2,",",3,",",0,",'",2023-07-16,'),,16/07/2023
"insert into game (round, idTeamHome, scoreTeamHome, idTeamVisitor, scoreTeamVisitor, gameDate) values (",15,",",11,",",4,",",16,",",1,",'",2023-07-16,'),,16/07/2023
"insert into game (round, idTeamHome, scoreTeamHome, idTeamVisitor, scoreTeamVisitor, gameDate) values (",15,",",13,",",0,",",19,",",0,",'",2023-07-16,'),,16/07/2023
"insert into game (round, idTeamHome, scoreTeamHome, idTeamVisitor, scoreTeamVisitor, gameDate) values (",15,",",1,",",0,",",4,",",0,",'",2023-07-16,'),,16/07/2023
"insert into game (round, idTeamHome, scoreTeamHome, idTeamVisitor, scoreTeamVisitor, gameDate) values (",15,",",6,",",2,",",15,",",0,",'",2023-07-16,'),,16/07/2023
"insert into game (round, idTeamHome, scoreTeamHome, idTeamVisitor, scoreTeamVisitor, gameDate) values (",15,",",10,",",0,",",12,",",1,",'",2023-07-16,'),,16/07/2023
"insert into game (round, idTeamHome, scoreTeamHome, idTeamVisitor, scoreTeamVisitor, gameDate) values (",15,",",17,",",0,",",8,",",0,",'",2023-07-17,'),,17/07/2023
"insert into game (round, idTeamHome, scoreTeamHome, idTeamVisitor, scoreTeamVisitor, gameDate) values (",16,",",5,",",1,",",20,",",1,",'",2023-07-22,'),,22/07/2023
"insert into game (round, idTeamHome, scoreTeamHome, idTeamVisitor, scoreTeamVisitor, gameDate) values (",16,",",4,",",3,",",10,",",1,",'",2023-07-22,'),,22/07/2023
"insert into game (round, idTeamHome, scoreTeamHome, idTeamVisitor, scoreTeamVisitor, gameDate) values (",16,",",15,",",0,",",14,",",0,",'",2023-07-22,'),,22/07/2023
"insert into game (round, idTeamHome, scoreTeamHome, idTeamVisitor, scoreTeamVisitor, gameDate) values (",16,",",12,",",2,",",11,",",1,",'",2023-07-22,'),,22/07/2023
"insert into game (round, idTeamHome, scoreTeamHome, idTeamVisitor, scoreTeamVisitor, gameDate) values (",16,",",18,",",0,",",6,",",2,",'",2023-07-23,'),,23/07/2023
"insert into game (round, idTeamHome, scoreTeamHome, idTeamVisitor, scoreTeamVisitor, gameDate) values (",16,",",16,",",2,",",2,",",2,",'",2023-07-23,'),,23/07/2023
"insert into game (round, idTeamHome, scoreTeamHome, idTeamVisitor, scoreTeamVisitor, gameDate) values (",16,",",3,",",0,",",1,",",0,",'",2023-07-23,'),,23/07/2023
"insert into game (round, idTeamHome, scoreTeamHome, idTeamVisitor, scoreTeamVisitor, gameDate) values (",16,",",13,",",0,",",17,",",1,",'",2023-07-23,'),,23/07/2023
"insert into game (round, idTeamHome, scoreTeamHome, idTeamVisitor, scoreTeamVisitor, gameDate) values (",16,",",7,",",1,",",8,",",0,",'",2023-07-23,'),,23/07/2023
"insert into game (round, idTeamHome, scoreTeamHome, idTeamVisitor, scoreTeamVisitor, gameDate) values (",16,",",19,",",2,",",9,",",0,",'",2023-07-24,'),,24/07/2023
"insert into game (round, idTeamHome, scoreTeamHome, idTeamVisitor, scoreTeamVisitor, gameDate) values (",17,",",9,",",1,",",16,",",0,",'",2023-07-29,'),,29/07/2023
"insert into game (round, idTeamHome, scoreTeamHome, idTeamVisitor, scoreTeamVisitor, gameDate) values (",17,",",14,",",3,",",18,",",1,",'",2023-07-29,'),,29/07/2023
"insert into game (round, idTeamHome, scoreTeamHome, idTeamVisitor, scoreTeamVisitor, gameDate) values (",17,",",1,",",1,",",12,",",2,",'",2023-07-29,'),,29/07/2023
"insert into game (round, idTeamHome, scoreTeamHome, idTeamVisitor, scoreTeamVisitor, gameDate) values (",17,",",6,",",3,",",13,",",3,",'",2023-07-29,'),,29/07/2023
"insert into game (round, idTeamHome, scoreTeamHome, idTeamVisitor, scoreTeamVisitor, gameDate) values (",17,",",10,",",0,",",3,",",3,",'",2023-07-29,'),,29/07/2023
"insert into game (round, idTeamHome, scoreTeamHome, idTeamVisitor, scoreTeamVisitor, gameDate) values (",17,",",2,",",4,",",19,",",1,",'",2023-07-30,'),,30/07/2023
"insert into game (round, idTeamHome, scoreTeamHome, idTeamVisitor, scoreTeamVisitor, gameDate) values (",17,",",11,",",0,",",15,",",0,",'",2023-07-30,'),,30/07/2023
"insert into game (round, idTeamHome, scoreTeamHome, idTeamVisitor, scoreTeamVisitor, gameDate) values (",17,",",17,",",1,",",7,",",1,",'",2023-07-30,'),,30/07/2023
"insert into game (round, idTeamHome, scoreTeamHome, idTeamVisitor, scoreTeamVisitor, gameDate) values (",17,",",8,",",1,",",5,",",2,",'",2023-07-30,'),,30/07/2023
"insert into game (round, idTeamHome, scoreTeamHome, idTeamVisitor, scoreTeamVisitor, gameDate) values (",17,",",20,",",1,",",4,",",4,",'",2023-07-30,'),,30/07/2023
"insert into game (round, idTeamHome, scoreTeamHome, idTeamVisitor, scoreTeamVisitor, gameDate) values (",18,",",16,",",1,",",6,",",1,",'",2023-08-05,'),,05/08/2023
"insert into game (round, idTeamHome, scoreTeamHome, idTeamVisitor, scoreTeamVisitor, gameDate) values (",18,",",17,",",1,",",10,",",0,",'",2023-08-05,'),,05/08/2023
"insert into game (round, idTeamHome, scoreTeamHome, idTeamVisitor, scoreTeamVisitor, gameDate) values (",18,",",1,",",2,",",14,",",2,",'",2023-08-05,'),,05/08/2023
"insert into game (round, idTeamHome, scoreTeamHome, idTeamVisitor, scoreTeamVisitor, gameDate) values (",18,",",9,",",2,",",4,",",1,",'",2023-08-06,'),,06/08/2023
"insert into game (round, idTeamHome, scoreTeamHome, idTeamVisitor, scoreTeamVisitor, gameDate) values (",18,",",18,",",1,",",7,",",0,",'",2023-08-06,'),,06/08/2023
"insert into game (round, idTeamHome, scoreTeamHome, idTeamVisitor, scoreTeamVisitor, gameDate) values (",18,",",11,",",0,",",8,",",2,",'",2023-08-06,'),,06/08/2023
"insert into game (round, idTeamHome, scoreTeamHome, idTeamVisitor, scoreTeamVisitor, gameDate) values (",18,",",13,",",0,",",2,",",0,",'",2023-08-06,'),,06/08/2023
"insert into game (round, idTeamHome, scoreTeamHome, idTeamVisitor, scoreTeamVisitor, gameDate) values (",18,",",19,",",0,",",3,",",1,",'",2023-08-06,'),,06/08/2023
"insert into game (round, idTeamHome, scoreTeamHome, idTeamVisitor, scoreTeamVisitor, gameDate) values (",18,",",15,",",3,",",20,",",1,",'",2023-08-06,'),,06/08/2023
"insert into game (round, idTeamHome, scoreTeamHome, idTeamVisitor, scoreTeamVisitor, gameDate) values (",18,",",12,",",3,",",5,",",0,",'",2023-08-06,'),,06/08/2023
"insert into game (round, idTeamHome, scoreTeamHome, idTeamVisitor, scoreTeamVisitor, gameDate) values (",19,",",5,",",1,",",11,",",1,",'",2023-08-13,'),,13/08/2023
"insert into game (round, idTeamHome, scoreTeamHome, idTeamVisitor, scoreTeamVisitor, gameDate) values (",19,",",2,",",3,",",1,",",1,",'",2023-08-13,'),,13/08/2023
"insert into game (round, idTeamHome, scoreTeamHome, idTeamVisitor, scoreTeamVisitor, gameDate) values (",19,",",14,",",3,",",19,",",1,",'",2023-08-13,'),,13/08/2023
"insert into game (round, idTeamHome, scoreTeamHome, idTeamVisitor, scoreTeamVisitor, gameDate) values (",19,",",8,",",1,",",15,",",0,",'",2023-08-13,'),,13/08/2023
"insert into game (round, idTeamHome, scoreTeamHome, idTeamVisitor, scoreTeamVisitor, gameDate) values (",19,",",7,",",2,",",9,",",1,",'",2023-08-13,'),,13/08/2023
"insert into game (round, idTeamHome, scoreTeamHome, idTeamVisitor, scoreTeamVisitor, gameDate) values (",19,",",10,",",4,",",16,",",0,",'",2023-08-13,'),,13/08/2023
"insert into game (round, idTeamHome, scoreTeamHome, idTeamVisitor, scoreTeamVisitor, gameDate) values (",19,",",20,",",0,",",17,",",1,",'",2023-08-13,'),,13/08/2023
"insert into game (round, idTeamHome, scoreTeamHome, idTeamVisitor, scoreTeamVisitor, gameDate) values (",19,",",4,",",1,",",13,",",0,",'",2023-08-14,'),,14/08/2023
"insert into game (round, idTeamHome, scoreTeamHome, idTeamVisitor, scoreTeamVisitor, gameDate) values (",19,",",3,",",1,",",18,",",1,",'",2023-08-15,'),,15/08/2023
"insert into game (round, idTeamHome, scoreTeamHome, idTeamVisitor, scoreTeamVisitor, gameDate) values (",19,",",6,",",2,",",12,",",0,",'",2023-08-15,'),,15/08/2023
"insert into game (round, idTeamHome, scoreTeamHome, idTeamVisitor, scoreTeamVisitor, gameDate) values (",20,",",9,",",3,",",20,",",1,",'",2023-08-19,'),,19/08/2023
"insert into game (round, idTeamHome, scoreTeamHome, idTeamVisitor, scoreTeamVisitor, gameDate) values (",20,",",11,",",0,",",2,",",0,",'",2023-08-19,'),,19/08/2023
"insert into game (round, idTeamHome, scoreTeamHome, idTeamVisitor, scoreTeamVisitor, gameDate) values (",20,",",1,",",0,",",10,",",1,",'",2023-08-19,'),,19/08/2023
"insert into game (round, idTeamHome, scoreTeamHome, idTeamVisitor, scoreTeamVisitor, gameDate) values (",20,",",12,",",0,",",4,",",2,",'",2023-08-19,'),,19/08/2023
"insert into game (round, idTeamHome, scoreTeamHome, idTeamVisitor, scoreTeamVisitor, gameDate) values (",20,",",18,",",1,",",8,",",0,",'",2023-08-20,'),,20/08/2023
"insert into game (round, idTeamHome, scoreTeamHome, idTeamVisitor, scoreTeamVisitor, gameDate) values (",20,",",16,",",2,",",7,",",1,",'",2023-08-20,'),,20/08/2023
"insert into game (round, idTeamHome, scoreTeamHome, idTeamVisitor, scoreTeamVisitor, gameDate) values (",20,",",13,",",1,",",14,",",1,",'",2023-08-20,'),,20/08/2023
"insert into game (round, idTeamHome, scoreTeamHome, idTeamVisitor, scoreTeamVisitor, gameDate) values (",20,",",19,",",2,",",5,",",3,",'",2023-08-20,'),,20/08/2023
"insert into game (round, idTeamHome, scoreTeamHome, idTeamVisitor, scoreTeamVisitor, gameDate) values (",20,",",15,",",4,",",3,",",0,",'",2023-08-20,'),,20/08/2023
"insert into game (round, idTeamHome, scoreTeamHome, idTeamVisitor, scoreTeamVisitor, gameDate) values (",20,",",17,",",1,",",6,",",1,",'",2023-08-21,'),,21/08/2023
"insert into game (round, idTeamHome, scoreTeamHome, idTeamVisitor, scoreTeamVisitor, gameDate) values (",21,",",5,",",0,",",1,",",0,",'",2023-08-26,'),,26/08/2023
"insert into game (round, idTeamHome, scoreTeamHome, idTeamVisitor, scoreTeamVisitor, gameDate) values (",21,",",2,",",3,",",15,",",0,",'",2023-08-27,'),,27/08/2023
"insert into game (round, idTeamHome, scoreTeamHome, idTeamVisitor, scoreTeamVisitor, gameDate) values (",21,",",4,",",1,",",18,",",0,",'",2023-08-27,'),,27/08/2023
"insert into game (round, idTeamHome, scoreTeamHome, idTeamVisitor, scoreTeamVisitor, gameDate) values (",21,",",14,",",1,",",17,",",1,",'",2023-08-27,'),,27/08/2023
"insert into game (round, idTeamHome, scoreTeamHome, idTeamVisitor, scoreTeamVisitor, gameDate) values (",21,",",3,",",2,",",12,",",0,",'",2023-08-27,'),,27/08/2023
"insert into game (round, idTeamHome, scoreTeamHome, idTeamVisitor, scoreTeamVisitor, gameDate) values (",21,",",8,",",2,",",16,",",0,",'",2023-08-27,'),,27/08/2023
"insert into game (round, idTeamHome, scoreTeamHome, idTeamVisitor, scoreTeamVisitor, gameDate) values (",21,",",7,",",3,",",13,",",0,",'",2023-08-27,'),,27/08/2023
"insert into game (round, idTeamHome, scoreTeamHome, idTeamVisitor, scoreTeamVisitor, gameDate) values (",21,",",6,",",2,",",9,",",2,",'",2023-08-27,'),,27/08/2023
"insert into game (round, idTeamHome, scoreTeamHome, idTeamVisitor, scoreTeamVisitor, gameDate) values (",21,",",10,",",3,",",19,",",1,",'",2023-08-27,'),,27/08/2023
"insert into game (round, idTeamHome, scoreTeamHome, idTeamVisitor, scoreTeamVisitor, gameDate) values (",21,",",20,",",2,",",11,",",1,",'",2023-08-27,'),,27/08/2023
"insert into game (round, idTeamHome, scoreTeamHome, idTeamVisitor, scoreTeamVisitor, gameDate) values (",22,",",17,",",0,",",1,",",0,",'",2023-09-02,'),,02/09/2023
"insert into game (round, idTeamHome, scoreTeamHome, idTeamVisitor, scoreTeamVisitor, gameDate) values (",22,",",6,",",1,",",8,",",1,",'",2023-09-02,'),,02/09/2023
"insert into game (round, idTeamHome, scoreTeamHome, idTeamVisitor, scoreTeamVisitor, gameDate) values (",22,",",9,",",1,",",10,",",0,",'",2023-09-03,'),,03/09/2023
"insert into game (round, idTeamHome, scoreTeamHome, idTeamVisitor, scoreTeamVisitor, gameDate) values (",22,",",2,",",1,",",5,",",2,",'",2023-09-03,'),,03/09/2023
"insert into game (round, idTeamHome, scoreTeamHome, idTeamVisitor, scoreTeamVisitor, gameDate) values (",22,",",14,",",0,",",4,",",0,",'",2023-09-03,'),,03/09/2023
"insert into game (round, idTeamHome, scoreTeamHome, idTeamVisitor, scoreTeamVisitor, gameDate) values (",22,",",13,",",0,",",3,",",0,",'",2023-09-03,'),,03/09/2023
"insert into game (round, idTeamHome, scoreTeamHome, idTeamVisitor, scoreTeamVisitor, gameDate) values (",22,",",7,",",2,",",12,",",0,",'",2023-09-03,'),,03/09/2023
"insert into game (round, idTeamHome, scoreTeamHome, idTeamVisitor, scoreTeamVisitor, gameDate) values (",22,",",15,",",1,",",18,",",1,",'",2023-09-03,'),,03/09/2023
"insert into game (round, idTeamHome, scoreTeamHome, idTeamVisitor, scoreTeamVisitor, gameDate) values (",22,",",20,",",2,",",16,",",0,",'",2023-09-03,'),,03/09/2023
"insert into game (round, idTeamHome, scoreTeamHome, idTeamVisitor, scoreTeamVisitor, gameDate) values (",23,",",5,",",0,",",6,",",3,",'",2023-09-14,'),,14/09/2023
"insert into game (round, idTeamHome, scoreTeamHome, idTeamVisitor, scoreTeamVisitor, gameDate) values (",23,",",16,",",0,",",13,",",3,",'",2023-09-14,'),,14/09/2023
"insert into game (round, idTeamHome, scoreTeamHome, idTeamVisitor, scoreTeamVisitor, gameDate) values (",23,",",1,",",2,",",11,",",1,",'",2023-09-14,'),,14/09/2023
"insert into game (round, idTeamHome, scoreTeamHome, idTeamVisitor, scoreTeamVisitor, gameDate) values (",23,",",19,",",2,",",15,",",4,",'",2023-09-14,'),,14/09/2023
"insert into game (round, idTeamHome, scoreTeamHome, idTeamVisitor, scoreTeamVisitor, gameDate) values (",23,",",10,",",2,",",14,",",1,",'",2023-09-14,'),,14/09/2023
"insert into game (round, idTeamHome, scoreTeamHome, idTeamVisitor, scoreTeamVisitor, gameDate) values (",23,",",3,",",2,",",7,",",0,",'",2023-09-15,'),,15/09/2023
"insert into game (round, idTeamHome, scoreTeamHome, idTeamVisitor, scoreTeamVisitor, gameDate) values (",23,",",12,",",2,",",20,",",2,",'",2023-09-15,'),,15/09/2023
"insert into game (round, idTeamHome, scoreTeamHome, idTeamVisitor, scoreTeamVisitor, gameDate) values (",23,",",18,",",4,",",9,",",2,",'",2023-09-16,'),,16/09/2023
"insert into game (round, idTeamHome, scoreTeamHome, idTeamVisitor, scoreTeamVisitor, gameDate) values (",23,",",4,",",1,",",17,",",0,",'",2023-09-16,'),,16/09/2023
"insert into game (round, idTeamHome, scoreTeamHome, idTeamVisitor, scoreTeamVisitor, gameDate) values (",23,",",8,",",1,",",2,",",0,",'",2023-09-17,'),,17/09/2023
"insert into game (round, idTeamHome, scoreTeamHome, idTeamVisitor, scoreTeamVisitor, gameDate) values (",24,",",15,",",1,",",16,",",2,",'",2023-09-18,'),,18/09/2023
"insert into game (round, idTeamHome, scoreTeamHome, idTeamVisitor, scoreTeamVisitor, gameDate) values (",15,",",14,",",4,",",7,",",4,",'",2023-09-19,'),,19/09/2023
"insert into game (round, idTeamHome, scoreTeamHome, idTeamVisitor, scoreTeamVisitor, gameDate) values (",24,",",17,",",0,",",5,",",0,",'",2023-09-20,'),,20/09/2023
"insert into game (round, idTeamHome, scoreTeamHome, idTeamVisitor, scoreTeamVisitor, gameDate) values (",24,",",20,",",0,",",3,",",2,",'",2023-09-20,'),,20/09/2023
"insert into game (round, idTeamHome, scoreTeamHome, idTeamVisitor, scoreTeamVisitor, gameDate) values (",24,",",9,",",1,",",13,",",0,",'",2023-09-21,'),,21/09/2023
"insert into game (round, idTeamHome, scoreTeamHome, idTeamVisitor, scoreTeamVisitor, gameDate) values (",24,",",18,",",5,",",19,",",1,",'",2023-09-21,'),,21/09/2023
"insert into game (round, idTeamHome, scoreTeamHome, idTeamVisitor, scoreTeamVisitor, gameDate) values (",24,",",11,",",1,",",10,",",2,",'",2023-09-21,'),,21/09/2023
"insert into game (round, idTeamHome, scoreTeamHome, idTeamVisitor, scoreTeamVisitor, gameDate) values (",24,",",6,",",2,",",1,",",1,",'",2023-09-21,'),,21/09/2023
"insert into game (round, idTeamHome, scoreTeamHome, idTeamVisitor, scoreTeamVisitor, gameDate) values (",24,",",14,",",1,",",2,",",0,",'",2023-09-22,'),,22/09/2023
"insert into game (round, idTeamHome, scoreTeamHome, idTeamVisitor, scoreTeamVisitor, gameDate) values (",24,",",7,",",1,",",4,",",0,",'",2023-09-22,'),,22/09/2023
"insert into game (round, idTeamHome, scoreTeamHome, idTeamVisitor, scoreTeamVisitor, gameDate) values (",24,",",8,",",1,",",12,",",0,",'",2023-09-24,'),,24/09/2023
"insert into game (round, idTeamHome, scoreTeamHome, idTeamVisitor, scoreTeamVisitor, gameDate) values (",15,",",20,",",0,",",18,",",1,",'",2023-09-25,'),,25/09/2023
"insert into game (round, idTeamHome, scoreTeamHome, idTeamVisitor, scoreTeamVisitor, gameDate) values (",22,",",11,",",2,",",19,",",1,",'",2023-09-27,'),,27/09/2023
"insert into game (round, idTeamHome, scoreTeamHome, idTeamVisitor, scoreTeamVisitor, gameDate) values (",25,",",5,",",1,",",15,",",0,",'",2023-09-30,'),,30/09/2023
"insert into game (round, idTeamHome, scoreTeamHome, idTeamVisitor, scoreTeamVisitor, gameDate) values (",25,",",11,",",2,",",14,",",1,",'",2023-09-30,'),,30/09/2023
"insert into game (round, idTeamHome, scoreTeamHome, idTeamVisitor, scoreTeamVisitor, gameDate) values (",25,",",10,",",1,",",7,",",1,",'",2023-09-30,'),,30/09/2023
"insert into game (round, idTeamHome, scoreTeamHome, idTeamVisitor, scoreTeamVisitor, gameDate) values (",25,",",12,",",3,",",9,",",0,",'",2023-09-30,'),,30/09/2023
"insert into game (round, idTeamHome, scoreTeamHome, idTeamVisitor, scoreTeamVisitor, gameDate) values (",25,",",16,",",4,",",18,",",1,",'",2023-10-01,'),,01/10/2023
"insert into game (round, idTeamHome, scoreTeamHome, idTeamVisitor, scoreTeamVisitor, gameDate) values (",25,",",3,",",2,",",4,",",1,",'",2023-10-01,'),,01/10/2023
"insert into game (round, idTeamHome, scoreTeamHome, idTeamVisitor, scoreTeamVisitor, gameDate) values (",25,",",13,",",1,",",20,",",1,",'",2023-10-01,'),,01/10/2023
"insert into game (round, idTeamHome, scoreTeamHome, idTeamVisitor, scoreTeamVisitor, gameDate) values (",25,",",1,",",0,",",8,",",2,",'",2023-10-01,'),,01/10/2023
"insert into game (round, idTeamHome, scoreTeamHome, idTeamVisitor, scoreTeamVisitor, gameDate) values (",25,",",19,",",2,",",6,",",0,",'",2023-10-01,'),,01/10/2023
"insert into game (round, idTeamHome, scoreTeamHome, idTeamVisitor, scoreTeamVisitor, gameDate) values (",25,",",2,",",1,",",17,",",1,",'",2023-10-02,'),,02/10/2023
"insert into game (round, idTeamHome, scoreTeamHome, idTeamVisitor, scoreTeamVisitor, gameDate) values (",26,",",18,",",0,",",11,",",0,",'",2023-10-07,'),,07/10/2023
"insert into game (round, idTeamHome, scoreTeamHome, idTeamVisitor, scoreTeamVisitor, gameDate) values (",26,",",17,",",4,",",15,",",6,",'",2023-10-07,'),,07/10/2023
"insert into game (round, idTeamHome, scoreTeamHome, idTeamVisitor, scoreTeamVisitor, gameDate) values (",26,",",9,",",0,",",2,",",2,",'",2023-10-08,'),,08/10/2023
"insert into game (round, idTeamHome, scoreTeamHome, idTeamVisitor, scoreTeamVisitor, gameDate) values (",26,",",4,",",1,",",16,",",2,",'",2023-10-08,'),,08/10/2023
"insert into game (round, idTeamHome, scoreTeamHome, idTeamVisitor, scoreTeamVisitor, gameDate) values (",26,",",14,",",1,",",5,",",1,",'",2023-10-08,'),,08/10/2023
"insert into game (round, idTeamHome, scoreTeamHome, idTeamVisitor, scoreTeamVisitor, gameDate) values (",26,",",8,",",1,",",19,",",2,",'",2023-10-08,'),,08/10/2023
"insert into game (round, idTeamHome, scoreTeamHome, idTeamVisitor, scoreTeamVisitor, gameDate) values (",26,",",1,",",3,",",7,",",2,",'",2023-10-08,'),,08/10/2023
"insert into game (round, idTeamHome, scoreTeamHome, idTeamVisitor, scoreTeamVisitor, gameDate) values (",26,",",6,",",1,",",3,",",1,",'",2023-10-08,'),,08/10/2023
"insert into game (round, idTeamHome, scoreTeamHome, idTeamVisitor, scoreTeamVisitor, gameDate) values (",26,",",10,",",3,",",20,",",2,",'",2023-10-08,'),,08/10/2023
"insert into game (round, idTeamHome, scoreTeamHome, idTeamVisitor, scoreTeamVisitor, gameDate) values (",26,",",12,",",0,",",13,",",0,",'",2023-10-15,'),,15/10/2023
"insert into game (round, idTeamHome, scoreTeamHome, idTeamVisitor, scoreTeamVisitor, gameDate) values (",27,",",7,",",1,",",6,",",2,",'",2023-10-18,'),,18/10/2023
"insert into game (round, idTeamHome, scoreTeamHome, idTeamVisitor, scoreTeamVisitor, gameDate) values (",27,",",19,",",0,",",12,",",3,",'",2023-10-18,'),,18/10/2023
"insert into game (round, idTeamHome, scoreTeamHome, idTeamVisitor, scoreTeamVisitor, gameDate) values (",27,",",20,",",1,",",2,",",2,",'",2023-10-18,'),,18/10/2023
"insert into game (round, idTeamHome, scoreTeamHome, idTeamVisitor, scoreTeamVisitor, gameDate) values (",27,",",18,",",1,",",10,",",0,",'",2023-10-19,'),,19/10/2023
"insert into game (round, idTeamHome, scoreTeamHome, idTeamVisitor, scoreTeamVisitor, gameDate) values (",27,",",4,",",0,",",8,",",2,",'",2023-10-19,'),,19/10/2023
"insert into game (round, idTeamHome, scoreTeamHome, idTeamVisitor, scoreTeamVisitor, gameDate) values (",27,",",16,",",1,",",3,",",3,",'",2023-10-19,'),,19/10/2023
"insert into game (round, idTeamHome, scoreTeamHome, idTeamVisitor, scoreTeamVisitor, gameDate) values (",27,",",17,",",2,",",11,",",0,",'",2023-10-19,'),,19/10/2023
"insert into game (round, idTeamHome, scoreTeamHome, idTeamVisitor, scoreTeamVisitor, gameDate) values (",27,",",13,",",0,",",5,",",2,",'",2023-10-19,'),,19/10/2023
"insert into game (round, idTeamHome, scoreTeamHome, idTeamVisitor, scoreTeamVisitor, gameDate) values (",27,",",15,",",1,",",1,",",0,",'",2023-10-19,'),,19/10/2023
"insert into game (round, idTeamHome, scoreTeamHome, idTeamVisitor, scoreTeamVisitor, gameDate) values (",27,",",9,",",3,",",14,",",3,",'",2023-10-20,'),,20/10/2023
"insert into game (round, idTeamHome, scoreTeamHome, idTeamVisitor, scoreTeamVisitor, gameDate) values (",28,",",11,",",3,",",7,",",0,",'",2023-10-21,'),,21/10/2023
"insert into game (round, idTeamHome, scoreTeamHome, idTeamVisitor, scoreTeamVisitor, gameDate) values (",28,",",15,",",2,",",10,",",0,",'",2023-10-21,'),,21/10/2023
"insert into game (round, idTeamHome, scoreTeamHome, idTeamVisitor, scoreTeamVisitor, gameDate) values (",28,",",12,",",1,",",17,",",1,",'",2023-10-21,'),,21/10/2023
"insert into game (round, idTeamHome, scoreTeamHome, idTeamVisitor, scoreTeamVisitor, gameDate) values (",28,",",5,",",1,",",18,",",0,",'",2023-10-22,'),,22/10/2023
"insert into game (round, idTeamHome, scoreTeamHome, idTeamVisitor, scoreTeamVisitor, gameDate) values (",28,",",2,",",1,",",6,",",1,",'",2023-10-22,'),,22/10/2023
"insert into game (round, idTeamHome, scoreTeamHome, idTeamVisitor, scoreTeamVisitor, gameDate) values (",28,",",14,",",1,",",20,",",1,",'",2023-10-22,'),,22/10/2023
"insert into game (round, idTeamHome, scoreTeamHome, idTeamVisitor, scoreTeamVisitor, gameDate) values (",28,",",3,",",1,",",9,",",0,",'",2023-10-22,'),,22/10/2023
"insert into game (round, idTeamHome, scoreTeamHome, idTeamVisitor, scoreTeamVisitor, gameDate) values (",28,",",8,",",0,",",13,",",1,",'",2023-10-22,'),,22/10/2023
"insert into game (round, idTeamHome, scoreTeamHome, idTeamVisitor, scoreTeamVisitor, gameDate) values (",28,",",1,",",7,",",16,",",1,",'",2023-10-22,'),,22/10/2023
"insert into game (round, idTeamHome, scoreTeamHome, idTeamVisitor, scoreTeamVisitor, gameDate) values (",28,",",19,",",0,",",4,",",2,",'",2023-10-22,'),,22/10/2023
"insert into game (round, idTeamHome, scoreTeamHome, idTeamVisitor, scoreTeamVisitor, gameDate) values (",29,",",10,",",,",",2,",",,",'",2023-10-24,'),,24/10/2023
"insert into game (round, idTeamHome, scoreTeamHome, idTeamVisitor, scoreTeamVisitor, gameDate) values (",29,",",9,",",5,",",17,",",3,",'",2023-10-25,'),,25/10/2023
"insert into game (round, idTeamHome, scoreTeamHome, idTeamVisitor, scoreTeamVisitor, gameDate) values (",29,",",4,",",5,",",11,",",0,",'",2023-10-25,'),,25/10/2023
"insert into game (round, idTeamHome, scoreTeamHome, idTeamVisitor, scoreTeamVisitor, gameDate) values (",29,",",3,",",1,",",8,",",2,",'",2023-10-25,'),,25/10/2023
"insert into game (round, idTeamHome, scoreTeamHome, idTeamVisitor, scoreTeamVisitor, gameDate) values (",29,",",13,",",3,",",15,",",0,",'",2023-10-25,'),,25/10/2023
"insert into game (round, idTeamHome, scoreTeamHome, idTeamVisitor, scoreTeamVisitor, gameDate) values (",29,",",6,",",3,",",20,",",2,",'",2023-10-25,'),,25/10/2023
"insert into game (round, idTeamHome, scoreTeamHome, idTeamVisitor, scoreTeamVisitor, gameDate) values (",29,",",18,",",1,",",1,",",2,",'",2023-10-26,'),,26/10/2023
"insert into game (round, idTeamHome, scoreTeamHome, idTeamVisitor, scoreTeamVisitor, gameDate) values (",29,",",7,",",3,",",5,",",2,",'",2023-10-26,'),,26/10/2023
"insert into game (round, idTeamHome, scoreTeamHome, idTeamVisitor, scoreTeamVisitor, gameDate) values (",29,",",12,",",0,",",14,",",1,",'",2023-10-26,'),,26/10/2023
"insert into game (round, idTeamHome, scoreTeamHome, idTeamVisitor, scoreTeamVisitor, gameDate) values (",29,",",16,",",2,",",19,",",1,",'",2023-10-27,'),,27/10/2023
"insert into game (round, idTeamHome, scoreTeamHome, idTeamVisitor, scoreTeamVisitor, gameDate) values (",30,",",5,",",,",",3,",",,",'",2023-10-28,'),,28/10/2023
"insert into game (round, idTeamHome, scoreTeamHome, idTeamVisitor, scoreTeamVisitor, gameDate) values (",30,",",4,",",,",",15,",",,",'",2023-10-28,'),,28/10/2023
"insert into game (round, idTeamHome, scoreTeamHome, idTeamVisitor, scoreTeamVisitor, gameDate) values (",30,",",10,",",,",",13,",",,",'",2023-10-28,'),,28/10/2023
"insert into game (round, idTeamHome, scoreTeamHome, idTeamVisitor, scoreTeamVisitor, gameDate) values (",30,",",20,",",,",",7,",",,",'",2023-10-28,'),,28/10/2023
"insert into game (round, idTeamHome, scoreTeamHome, idTeamVisitor, scoreTeamVisitor, gameDate) values (",30,",",2,",",,",",12,",",,",'",2023-10-29,'),,29/10/2023
"insert into game (round, idTeamHome, scoreTeamHome, idTeamVisitor, scoreTeamVisitor, gameDate) values (",30,",",14,",",,",",16,",",,",'",2023-10-29,'),,29/10/2023
"insert into game (round, idTeamHome, scoreTeamHome, idTeamVisitor, scoreTeamVisitor, gameDate) values (",30,",",17,",",,",",18,",",,",'",2023-10-29,'),,29/10/2023
"insert into game (round, idTeamHome, scoreTeamHome, idTeamVisitor, scoreTeamVisitor, gameDate) values (",30,",",8,",",,",",9,",",,",'",2023-10-29,'),,29/10/2023
"insert into game (round, idTeamHome, scoreTeamHome, idTeamVisitor, scoreTeamVisitor, gameDate) values (",30,",",1,",",,",",19,",",,",'",2023-10-29,'),,29/10/2023
"insert into game (round, idTeamHome, scoreTeamHome, idTeamVisitor, scoreTeamVisitor, gameDate) values (",30,",",6,",",,",",11,",",,",'",2023-10-29,'),,29/10/2023
"insert into game (round, idTeamHome, scoreTeamHome, idTeamVisitor, scoreTeamVisitor, gameDate) values (",31,",",15,",",,",",9,",",,",'",2023-10-31,'),,31/10/2023
"insert into game (round, idTeamHome, scoreTeamHome, idTeamVisitor, scoreTeamVisitor, gameDate) values (",31,",",5,",",,",",16,",",,",'",2023-11-01,'),,01/11/2023
"insert into game (round, idTeamHome, scoreTeamHome, idTeamVisitor, scoreTeamVisitor, gameDate) values (",31,",",14,",",,",",6,",",,",'",2023-11-01,'),,01/11/2023
"insert into game (round, idTeamHome, scoreTeamHome, idTeamVisitor, scoreTeamVisitor, gameDate) values (",31,",",1,",",,",",20,",",,",'",2023-11-01,'),,01/11/2023
"insert into game (round, idTeamHome, scoreTeamHome, idTeamVisitor, scoreTeamVisitor, gameDate) values (",31,",",19,",",,",",7,",",,",'",2023-11-01,'),,01/11/2023
"insert into game (round, idTeamHome, scoreTeamHome, idTeamVisitor, scoreTeamVisitor, gameDate) values (",31,",",2,",",,",",4,",",,",'",2023-11-02,'),,02/11/2023
"insert into game (round, idTeamHome, scoreTeamHome, idTeamVisitor, scoreTeamVisitor, gameDate) values (",31,",",11,",",,",",13,",",,",'",2023-11-02,'),,02/11/2023
"insert into game (round, idTeamHome, scoreTeamHome, idTeamVisitor, scoreTeamVisitor, gameDate) values (",31,",",17,",",,",",3,",",,",'",2023-11-02,'),,02/11/2023
"insert into game (round, idTeamHome, scoreTeamHome, idTeamVisitor, scoreTeamVisitor, gameDate) values (",31,",",8,",",,",",10,",",,",'",2023-11-02,'),,02/11/2023
"insert into game (round, idTeamHome, scoreTeamHome, idTeamVisitor, scoreTeamVisitor, gameDate) values (",31,",",12,",",,",",18,",",,",'",2023-11-02,'),,02/11/2023
"insert into game (round, idTeamHome, scoreTeamHome, idTeamVisitor, scoreTeamVisitor, gameDate) values (",32,",",9,",",,",",11,",",,",'",2023-11-04,'),,04/11/2023
"insert into game (round, idTeamHome, scoreTeamHome, idTeamVisitor, scoreTeamVisitor, gameDate) values (",32,",",7,",",,",",15,",",,",'",2023-11-04,'),,04/11/2023
"insert into game (round, idTeamHome, scoreTeamHome, idTeamVisitor, scoreTeamVisitor, gameDate) values (",32,",",20,",",,",",8,",",,",'",2023-11-04,'),,04/11/2023
"insert into game (round, idTeamHome, scoreTeamHome, idTeamVisitor, scoreTeamVisitor, gameDate) values (",32,",",18,",",,",",2,",",,",'",2023-11-05,'),,05/11/2023
"insert into game (round, idTeamHome, scoreTeamHome, idTeamVisitor, scoreTeamVisitor, gameDate) values (",32,",",4,",",,",",6,",",,",'",2023-11-05,'),,05/11/2023
"insert into game (round, idTeamHome, scoreTeamHome, idTeamVisitor, scoreTeamVisitor, gameDate) values (",32,",",3,",",,",",14,",",,",'",2023-11-05,'),,05/11/2023
"insert into game (round, idTeamHome, scoreTeamHome, idTeamVisitor, scoreTeamVisitor, gameDate) values (",32,",",13,",",,",",1,",",,",'",2023-11-05,'),,05/11/2023
"insert into game (round, idTeamHome, scoreTeamHome, idTeamVisitor, scoreTeamVisitor, gameDate) values (",32,",",19,",",,",",17,",",,",'",2023-11-05,'),,05/11/2023
"insert into game (round, idTeamHome, scoreTeamHome, idTeamVisitor, scoreTeamVisitor, gameDate) values (",32,",",10,",",,",",5,",",,",'",2023-11-05,'),,05/11/2023
"insert into game (round, idTeamHome, scoreTeamHome, idTeamVisitor, scoreTeamVisitor, gameDate) values (",32,",",16,",",,",",12,",",,",'",2023-11-06,'),,06/11/2023
"insert into game (round, idTeamHome, scoreTeamHome, idTeamVisitor, scoreTeamVisitor, gameDate) values (",33,",",11,",",,",",3,",",,",'",2023-11-08,'),,08/11/2023
"insert into game (round, idTeamHome, scoreTeamHome, idTeamVisitor, scoreTeamVisitor, gameDate) values (",33,",",13,",",,",",18,",",,",'",2023-11-08,'),,08/11/2023
"insert into game (round, idTeamHome, scoreTeamHome, idTeamVisitor, scoreTeamVisitor, gameDate) values (",33,",",1,",",,",",9,",",,",'",2023-11-08,'),,08/11/2023
"insert into game (round, idTeamHome, scoreTeamHome, idTeamVisitor, scoreTeamVisitor, gameDate) values (",33,",",6,",",,",",10,",",,",'",2023-11-08,'),,08/11/2023
"insert into game (round, idTeamHome, scoreTeamHome, idTeamVisitor, scoreTeamVisitor, gameDate) values (",33,",",20,",",,",",19,",",,",'",2023-11-08,'),,08/11/2023
"insert into game (round, idTeamHome, scoreTeamHome, idTeamVisitor, scoreTeamVisitor, gameDate) values (",33,",",5,",",,",",4,",",,",'",2023-11-09,'),,09/11/2023
"insert into game (round, idTeamHome, scoreTeamHome, idTeamVisitor, scoreTeamVisitor, gameDate) values (",33,",",2,",",,",",7,",",,",'",2023-11-09,'),,09/11/2023
"insert into game (round, idTeamHome, scoreTeamHome, idTeamVisitor, scoreTeamVisitor, gameDate) values (",33,",",14,",",,",",8,",",,",'",2023-11-09,'),,09/11/2023
"insert into game (round, idTeamHome, scoreTeamHome, idTeamVisitor, scoreTeamVisitor, gameDate) values (",33,",",17,",",,",",16,",",,",'",2023-11-09,'),,09/11/2023
"insert into game (round, idTeamHome, scoreTeamHome, idTeamVisitor, scoreTeamVisitor, gameDate) values (",33,",",15,",",,",",12,",",,",'",2023-11-10,'),,10/11/2023
"insert into game (round, idTeamHome, scoreTeamHome, idTeamVisitor, scoreTeamVisitor, gameDate) values (",34,",",5,",",,",",9,",",,",'",2023-11-11,'),,11/11/2023
"insert into game (round, idTeamHome, scoreTeamHome, idTeamVisitor, scoreTeamVisitor, gameDate) values (",34,",",19,",",,",",13,",",,",'",2023-11-11,'),,11/11/2023
"insert into game (round, idTeamHome, scoreTeamHome, idTeamVisitor, scoreTeamVisitor, gameDate) values (",34,",",18,",",,",",20,",",,",'",2023-11-12,'),,12/11/2023
"insert into game (round, idTeamHome, scoreTeamHome, idTeamVisitor, scoreTeamVisitor, gameDate) values (",34,",",4,",",,",",1,",",,",'",2023-11-12,'),,12/11/2023
"insert into game (round, idTeamHome, scoreTeamHome, idTeamVisitor, scoreTeamVisitor, gameDate) values (",34,",",16,",",,",",11,",",,",'",2023-11-12,'),,12/11/2023
"insert into game (round, idTeamHome, scoreTeamHome, idTeamVisitor, scoreTeamVisitor, gameDate) values (",34,",",3,",",,",",2,",",,",'",2023-11-12,'),,12/11/2023
"insert into game (round, idTeamHome, scoreTeamHome, idTeamVisitor, scoreTeamVisitor, gameDate) values (",34,",",8,",",,",",17,",",,",'",2023-11-12,'),,12/11/2023
"insert into game (round, idTeamHome, scoreTeamHome, idTeamVisitor, scoreTeamVisitor, gameDate) values (",34,",",7,",",,",",14,",",,",'",2023-11-12,'),,12/11/2023
"insert into game (round, idTeamHome, scoreTeamHome, idTeamVisitor, scoreTeamVisitor, gameDate) values (",34,",",15,",",,",",6,",",,",'",2023-11-12,'),,12/11/2023
"insert into game (round, idTeamHome, scoreTeamHome, idTeamVisitor, scoreTeamVisitor, gameDate) values (",34,",",12,",",,",",10,",",,",'",2023-11-12,'),,12/11/2023
"insert into game (round, idTeamHome, scoreTeamHome, idTeamVisitor, scoreTeamVisitor, gameDate) values (",35,",",9,",",,",",19,",",,",'",2023-11-22,'),,22/11/2023
"insert into game (round, idTeamHome, scoreTeamHome, idTeamVisitor, scoreTeamVisitor, gameDate) values (",35,",",2,",",,",",16,",",,",'",2023-11-22,'),,22/11/2023
"insert into game (round, idTeamHome, scoreTeamHome, idTeamVisitor, scoreTeamVisitor, gameDate) values (",35,",",11,",",,",",12,",",,",'",2023-11-22,'),,22/11/2023
"insert into game (round, idTeamHome, scoreTeamHome, idTeamVisitor, scoreTeamVisitor, gameDate) values (",35,",",14,",",,",",15,",",,",'",2023-11-22,'),,22/11/2023
"insert into game (round, idTeamHome, scoreTeamHome, idTeamVisitor, scoreTeamVisitor, gameDate) values (",35,",",17,",",,",",13,",",,",'",2023-11-22,'),,22/11/2023
"insert into game (round, idTeamHome, scoreTeamHome, idTeamVisitor, scoreTeamVisitor, gameDate) values (",35,",",8,",",,",",7,",",,",'",2023-11-22,'),,22/11/2023
"insert into game (round, idTeamHome, scoreTeamHome, idTeamVisitor, scoreTeamVisitor, gameDate) values (",35,",",1,",",,",",3,",",,",'",2023-11-22,'),,22/11/2023
"insert into game (round, idTeamHome, scoreTeamHome, idTeamVisitor, scoreTeamVisitor, gameDate) values (",35,",",6,",",,",",18,",",,",'",2023-11-22,'),,22/11/2023
"insert into game (round, idTeamHome, scoreTeamHome, idTeamVisitor, scoreTeamVisitor, gameDate) values (",35,",",10,",",,",",4,",",,",'",2023-11-22,'),,22/11/2023
"insert into game (round, idTeamHome, scoreTeamHome, idTeamVisitor, scoreTeamVisitor, gameDate) values (",35,",",20,",",,",",5,",",,",'",2023-11-22,'),,22/11/2023
"insert into game (round, idTeamHome, scoreTeamHome, idTeamVisitor, scoreTeamVisitor, gameDate) values (",36,",",5,",",,",",8,",",,",'",2023-11-25,'),,25/11/2023
"insert into game (round, idTeamHome, scoreTeamHome, idTeamVisitor, scoreTeamVisitor, gameDate) values (",36,",",18,",",,",",14,",",,",'",2023-11-25,'),,25/11/2023
"insert into game (round, idTeamHome, scoreTeamHome, idTeamVisitor, scoreTeamVisitor, gameDate) values (",36,",",4,",",,",",20,",",,",'",2023-11-25,'),,25/11/2023
"insert into game (round, idTeamHome, scoreTeamHome, idTeamVisitor, scoreTeamVisitor, gameDate) values (",36,",",16,",",,",",9,",",,",'",2023-11-25,'),,25/11/2023
"insert into game (round, idTeamHome, scoreTeamHome, idTeamVisitor, scoreTeamVisitor, gameDate) values (",36,",",3,",",,",",10,",",,",'",2023-11-25,'),,25/11/2023
"insert into game (round, idTeamHome, scoreTeamHome, idTeamVisitor, scoreTeamVisitor, gameDate) values (",36,",",13,",",,",",6,",",,",'",2023-11-25,'),,25/11/2023
"insert into game (round, idTeamHome, scoreTeamHome, idTeamVisitor, scoreTeamVisitor, gameDate) values (",36,",",7,",",,",",17,",",,",'",2023-11-25,'),,25/11/2023
"insert into game (round, idTeamHome, scoreTeamHome, idTeamVisitor, scoreTeamVisitor, gameDate) values (",36,",",19,",",,",",2,",",,",'",2023-11-25,'),,25/11/2023
"insert into game (round, idTeamHome, scoreTeamHome, idTeamVisitor, scoreTeamVisitor, gameDate) values (",36,",",15,",",,",",11,",",,",'",2023-11-25,'),,25/11/2023
"insert into game (round, idTeamHome, scoreTeamHome, idTeamVisitor, scoreTeamVisitor, gameDate) values (",36,",",12,",",,",",1,",",,",'",2023-11-25,'),,25/11/2023
"insert into game (round, idTeamHome, scoreTeamHome, idTeamVisitor, scoreTeamVisitor, gameDate) values (",37,",",5,",",,",",12,",",,",'",2023-11-29,'),,29/11/2023
"insert into game (round, idTeamHome, scoreTeamHome, idTeamVisitor, scoreTeamVisitor, gameDate) values (",37,",",2,",",,",",13,",",,",'",2023-11-29,'),,29/11/2023
"insert into game (round, idTeamHome, scoreTeamHome, idTeamVisitor, scoreTeamVisitor, gameDate) values (",37,",",4,",",,",",9,",",,",'",2023-11-29,'),,29/11/2023
"insert into game (round, idTeamHome, scoreTeamHome, idTeamVisitor, scoreTeamVisitor, gameDate) values (",37,",",14,",",,",",1,",",,",'",2023-11-29,'),,29/11/2023
"insert into game (round, idTeamHome, scoreTeamHome, idTeamVisitor, scoreTeamVisitor, gameDate) values (",37,",",3,",",,",",19,",",,",'",2023-11-29,'),,29/11/2023
"insert into game (round, idTeamHome, scoreTeamHome, idTeamVisitor, scoreTeamVisitor, gameDate) values (",37,",",8,",",,",",11,",",,",'",2023-11-29,'),,29/11/2023
"insert into game (round, idTeamHome, scoreTeamHome, idTeamVisitor, scoreTeamVisitor, gameDate) values (",37,",",7,",",,",",18,",",,",'",2023-11-29,'),,29/11/2023
"insert into game (round, idTeamHome, scoreTeamHome, idTeamVisitor, scoreTeamVisitor, gameDate) values (",37,",",6,",",,",",16,",",,",'",2023-11-29,'),,29/11/2023
"insert into game (round, idTeamHome, scoreTeamHome, idTeamVisitor, scoreTeamVisitor, gameDate) values (",37,",",10,",",,",",17,",",,",'",2023-11-29,'),,29/11/2023
"insert into game (round, idTeamHome, scoreTeamHome, idTeamVisitor, scoreTeamVisitor, gameDate) values (",37,",",20,",",,",",15,",",,",'",2023-11-29,'),,29/11/2023
"insert into game (round, idTeamHome, scoreTeamHome, idTeamVisitor, scoreTeamVisitor, gameDate) values (",38,",",9,",",,",",7,",",,",'",2023-12-03,'),,03/12/2023
"insert into game (round, idTeamHome, scoreTeamHome, idTeamVisitor, scoreTeamVisitor, gameDate) values (",38,",",18,",",,",",3,",",,",'",2023-12-03,'),,03/12/2023
"insert into game (round, idTeamHome, scoreTeamHome, idTeamVisitor, scoreTeamVisitor, gameDate) values (",38,",",11,",",,",",5,",",,",'",2023-12-03,'),,03/12/2023
"insert into game (round, idTeamHome, scoreTeamHome, idTeamVisitor, scoreTeamVisitor, gameDate) values (",38,",",16,",",,",",10,",",,",'",2023-12-03,'),,03/12/2023
"insert into game (round, idTeamHome, scoreTeamHome, idTeamVisitor, scoreTeamVisitor, gameDate) values (",38,",",17,",",,",",20,",",,",'",2023-12-03,'),,03/12/2023
"insert into game (round, idTeamHome, scoreTeamHome, idTeamVisitor, scoreTeamVisitor, gameDate) values (",38,",",13,",",,",",4,",",,",'",2023-12-03,'),,03/12/2023
"insert into game (round, idTeamHome, scoreTeamHome, idTeamVisitor, scoreTeamVisitor, gameDate) values (",38,",",1,",",,",",2,",",,",'",2023-12-03,'),,03/12/2023
"insert into game (round, idTeamHome, scoreTeamHome, idTeamVisitor, scoreTeamVisitor, gameDate) values (",38,",",19,",",,",",14,",",,",'",2023-12-03,'),,03/12/2023
"insert into game (round, idTeamHome, scoreTeamHome, idTeamVisitor, scoreTeamVisitor, gameDate) values (",38,",",15,",",,",",8,",",,",'",2023-12-03,'),,03/12/2023
"insert into game (round, idTeamHome, scoreTeamHome, idTeamVisitor, scoreTeamVisitor, gameDate) values (",38,",",12,",",,",",6,",",,",'",2023-12-03,'),,03/12/2023
